Program Time [s],data 0,data 1
205.487,1,1
205.487,1,1
205.491,1,1
205.491,1,1
205.491,1,1
205.495,1,1
205.495,1,1
205.499,1,0
205.499,1,1
205.499,1,1
205.503,1,2
205.503,1,1
205.507,1,1
205.507,1,1
205.511,2,2
205.511,2,2
205.511,2,2
205.515,1,1
205.515,1,1
205.519,1,1
205.519,1,1
205.523,1,1
205.523,2,2
205.523,2,2
205.527,2,1
205.527,1,2
205.531,2,2
205.532,2,2
205.536,1,1
205.536,1,1
205.536,2,2
205.54,2,2
205.54,1,1
205.544,1,2
205.544,2,2
205.548,2,2
205.548,2,2
205.548,1,1
205.552,1,1
205.552,1,0
205.556,1,2
205.556,2,2
205.56,2,1
205.56,1,1
205.56,1,2
205.564,2,2
205.564,2,2
205.568,2,2
205.568,2,1
205.573,1,1
205.573,0,1
205.573,1,1
205.577,1,1
205.577,1,1
205.581,1,1
205.581,1,2
205.585,2,2
205.585,2,2
205.585,2,2
205.589,1,1
205.589,1,1
205.593,2,2
205.593,2,2
205.597,2,2
205.597,2,1
205.597,1,1
205.601,1,1
205.601,1,1
205.605,1,2
205.605,2,2
205.605,2,2
205.609,2,2
205.609,2,1
205.613,1,1
205.613,1,1
205.618,1,1
205.618,0,1
205.618,1,1
205.622,1,1
205.622,2,2
205.626,2,2
205.626,2,1
205.63,1,1
205.63,1,2
205.63,2,2
205.634,2,1
205.634,1,1
205.638,1,2
205.638,2,2
205.642,2,1
205.642,1,1
205.642,1,2
205.646,2,2
205.646,2,2
205.65,2,2
205.65,1,1
205.654,1,1
205.654,1,1
205.654,0,1
205.658,1,1
205.658,1,1
205.663,1,1
205.663,2,2
205.667,2,2
205.667,2,2
205.667,2,2
205.671,2,1
205.671,1,0
205.675,1,1
205.675,1,2
205.679,2,2
205.679,2,1
205.679,1,1
205.683,1,2
205.683,2,2
205.687,2,2
205.687,2,2
205.691,2,1
205.691,1,1
205.691,1,1
205.695,1,0
205.695,1,1
205.699,2,2
205.699,2,2
205.704,1,2
205.704,2,2
205.704,2,2
205.708,1,2
205.708,2,2
205.712,2,1
205.712,1,1
205.712,2,2
205.716,2,1
205.716,1,1
205.72,1,1
205.72,2,2
205.724,2,2
205.724,2,2
205.724,2,2
205.728,2,1
205.728,2,1
205.732,1,1
205.732,1,1
205.736,1,1
205.736,1,1
205.736,1,1
205.74,0,1
205.74,1,1
205.745,1,2
205.745,2,2
205.749,2,2
205.749,2,2
205.749,2,2
205.753,1,1
205.753,2,2
205.757,2,2
205.757,2,2
205.761,1,1
205.761,1,2
205.761,2,2
205.765,2,2
205.765,2,2
205.769,1,1
205.769,1,1
205.773,1,1
205.773,1,0
205.773,1,1
205.777,1,1
205.777,1,1
205.781,1,2
205.781,2,2
205.786,2,2
205.786,2,2
205.786,2,2
205.79,2,1
205.79,1,1
205.794,1,1
205.794,1,1
205.798,1,1
205.798,1,1
205.798,1,1
205.802,1,1
205.802,1,1
205.806,1,1
205.806,1,1
205.81,1,1
205.81,1,1
205.81,1,1
205.814,1,1
205.814,1,0
205.818,1,2
205.818,2,2
205.818,2,1
205.822,1,2
205.822,2,2
205.826,2,2
205.826,1,2
205.831,2,2
205.831,2,2
205.831,2,1
205.835,1,1
205.835,1,0
205.839,0,1
205.839,1,2
205.843,2,2
205.843,2,2
205.843,2,2
205.847,2,1
205.847,1,1
205.851,1,1
205.851,0,1
205.855,1,1
205.855,1,1
205.855,1,2
205.859,2,2
205.859,1,1
205.863,1,1
205.863,2,2
205.867,2,2
205.867,2,3
205.867,2,1
205.872,1,1
205.872,1,1
205.876,1,0
205.876,0,1
205.88,1,1
205.88,1,2
205.88,2,3
205.884,3,2
205.884,1,1
205.888,1,1
205.888,1,1
205.892,1,1
205.892,0,0
205.892,1,1
205.896,1,1
205.896,1,2
205.9,2,2
205.9,2,2
205.904,2,1
205.904,1,2
205.904,2,2
205.908,2,2
205.908,2,2
205.912,1,1
205.913,1,1
205.913,0,1
205.917,1,2
205.917,2,2
205.921,2,2
205.921,2,1
205.925,1,1
205.925,1,0
205.925,2,2
205.929,1,1
205.929,1,1
205.933,1,1
205.933,1,0
205.937,1,1
205.937,1,1
205.937,2,2
205.941,1,2
205.941,2,2
205.945,2,2
205.945,2,2
205.949,2,2
205.949,2,1
205.949,1,0
205.953,0,0
205.953,1,2
205.957,2,2
205.958,2,2
205.962,2,1
205.962,0,1
205.962,2,3
205.966,4,3
205.966,2,1
205.97,0,0
205.97,0,1
205.974,1,2
205.974,2,2
205.974,2,2
205.978,2,2
205.978,2,1
205.982,1,1
205.982,1,1
205.986,2,2
205.986,2,2
205.986,2,2
205.99,1,1
205.99,2,1
205.994,1,1
205.994,1,1
205.998,0,1
205.998,1,1
205.998,1,1
206.003,1,2
206.003,3,3
206.007,2,2
206.007,2,1
206.011,1,1
206.011,1,1
206.011,1,1
206.015,0,0
206.015,2,2
206.019,1,1
206.019,1,1
206.019,1,1
206.023,1,2
206.023,2,2
206.027,2,2
206.027,2,2
206.031,2,2
206.031,2,2
206.031,1,2
206.035,2,1
206.035,0,0
206.039,0,1
206.04,1,2
206.044,2,2
206.044,2,2
206.044,1,2
206.048,2,2
206.048,2,2
206.052,2,2
206.052,2,1
206.056,1,0
206.056,0,0
206.056,1,1
206.06,1,1
206.06,1,2
206.064,2,2
206.064,3,3
206.068,2,1
206.068,1,1
206.068,1,0
206.072,0,1
206.072,2,3
206.076,3,3
206.076,2,1
206.08,1,0
206.08,0,0
206.08,0,0
206.084,1,1
206.084,2,2
206.089,3,2
206.089,2,2
206.093,1,1
206.093,1,1
206.093,1,2
206.097,2,2
206.097,2,2
206.101,2,3
206.101,1,1
206.101,0,1
206.105,1,1
206.105,1,2
206.109,2,2
206.109,2,2
206.113,3,3
206.113,3,2
206.113,1,0
206.117,0,0
206.117,0,0
206.121,1,3
206.121,3,2
206.126,1,1
206.126,2,3
206.126,3,2
206.13,1,1
206.13,1,0
206.134,0,0
206.134,1,1
206.138,2,1
206.138,1,1
206.138,2,3
206.142,3,3
206.142,1,1
206.146,1,1
206.146,1,1
206.15,2,2
206.15,2,1
206.15,0,0
206.154,1,1
206.154,1,1
206.158,1,1
206.158,0,1
206.162,1,1
206.162,2,2
206.162,1,1
206.166,1,1
206.166,1,0
206.171,1,1
206.171,2,6
206.175,6,4
206.175,2,0
206.175,0,0
206.179,0,1
206.179,2,2
206.183,2,1
206.183,1,1
206.187,2,1
206.187,2,2
206.187,3,2
206.191,2,1
206.191,1,0
206.195,0,1
206.195,1,0
206.199,0,1
206.199,1,2
206.199,3,3
206.203,2,2
206.203,2,2
206.207,2,2
206.207,2,2
206.207,2,1
206.211,1,2
206.211,3,2
206.216,1,1
206.216,0,0
206.22,0,0
206.22,1,1
206.22,1,2
206.224,2,2
206.224,2,2
206.228,1,1
206.228,2,2
206.232,2,1
206.232,1,0
206.232,0,1
206.236,2,4
206.236,4,5
206.24,3,1
206.24,0,0
206.244,0,1
206.244,1,1
206.244,1,0
206.248,1,1
206.248,2,2
206.252,2,2
206.252,2,2
206.256,2,1
206.256,1,1
206.257,0,0
206.261,1,1
206.261,2,2
206.265,2,2
206.265,2,2
206.269,3,2
206.269,2,2
206.269,2,1
206.273,0,1
206.273,1,2
206.277,1,0
206.277,0,0
206.281,1,0
206.281,1,1
206.281,2,3
206.285,3,3
206.285,1,0
206.289,1,1
206.289,1,0
206.293,0,1
206.293,2,3
206.293,2,1
206.298,0,0
206.298,2,2
206.302,3,3
206.302,4,4
206.302,3,0
206.306,0,0
206.306,0,0
206.31,1,1
206.31,1,0
206.314,1,1
206.314,1,1
206.314,1,1
206.318,1,1
206.318,1,2
206.322,3,3
206.322,2,1
206.326,1,1
206.326,2,2
206.326,2,2
206.33,2,2
206.33,1,1
206.334,1,1
206.334,1,1
206.338,0,1
206.338,1,2
206.338,2,2
206.342,2,2
206.342,2,1
206.347,1,1
206.347,1,1
206.351,1,1
206.351,1,1
206.351,1,1
206.355,1,1
206.355,0,1
206.359,1,1
206.359,1,1
206.363,1,1
206.363,2,3
206.363,4,3
206.367,2,1
206.367,0,0
206.371,0,0
206.371,2,5
206.375,5,3
206.375,1,0
206.375,0,0
206.379,1,1
206.379,1,1
206.383,1,1
206.383,0,1
206.388,2,1
206.388,1,1
206.388,2,3
206.392,4,2
206.392,1,0
206.396,0,1
206.396,1,2
206.396,3,2
206.4,2,2
206.4,1,1
206.404,1,1
206.404,1,0
206.408,0,1
206.408,2,2
206.408,2,2
206.412,1,1
206.412,2,2
206.416,2,2
206.416,2,2
206.42,2,2
206.42,2,1
206.42,1,1
206.424,1,1
206.424,1,2
206.428,2,2
206.429,2,2
206.433,1,2
206.433,2,2
206.433,2,1
206.437,1,1
206.437,3,4
206.441,3,2
206.441,1,0
206.445,0,0
206.445,0,1
206.445,1,2
206.449,2,2
206.449,3,3
206.453,2,1
206.453,0,0
206.457,0,1
206.457,1,1
206.457,1,0
206.461,0,2
206.461,2,3
206.465,3,4
206.465,3,1
206.469,1,1
206.469,1,1
206.469,1,1
206.474,1,1
206.474,1,1
206.478,1,1
206.478,0,0
206.482,1,2
206.482,2,2
206.482,1,1
206.486,1,2
206.486,3,3
206.49,1,1
206.49,1,1
206.49,0,1
206.494,1,2
206.494,2,2
206.498,2,2
206.498,2,2
206.502,1,1
206.502,0,0
206.502,0,1
206.506,2,4
206.506,4,4
206.51,3,1
206.51,0,1
206.515,1,1
206.515,1,1
206.515,1,1
206.519,2,2
206.519,2,2
206.523,2,2
206.523,2,1
206.527,1,0
206.527,0,1
206.527,2,3
206.531,3,3
206.531,2,1
206.535,0,0
206.535,1,1
206.539,1,0
206.539,1,0
206.539,0,1
206.543,1,1
206.543,1,2
206.547,2,2
206.547,2,2
206.551,3,2
206.551,2,2
206.551,2,1
206.556,1,0
206.556,0,0
206.56,0,0
206.56,0,0
206.564,3,4
206.564,3,2
206.564,1,1
206.568,1,1
206.568,1,1
206.572,1,1
206.572,1,2
206.576,1,1
206.576,1,1
206.576,2,6
206.58,5,3
206.58,0,0
206.584,0,0
206.584,1,2
206.584,2,2
206.588,2,1
206.588,1,1
206.592,0,0
206.592,1,1
206.596,1,2
206.596,2,2
206.596,2,1
206.601,1,1
206.601,2,1
206.605,1,1
206.605,2,2
206.609,2,2
206.609,2,2
206.609,2,2
206.613,1,1
206.613,0,0
206.617,1,1
206.617,1,1
206.621,1,2
206.621,3,3
206.621,3,2
206.625,2,2
206.625,1,0
206.629,0,0
206.629,1,1
206.633,0,1
206.633,1,2
206.633,2,2
206.637,2,2
206.637,2,1
206.641,1,2
206.642,2,1
206.646,1,0
206.646,1,2
206.646,3,5
206.65,5,2
206.65,0,0
206.654,0,0
206.654,0,0
206.658,1,1
206.658,2,2
206.658,2,2
206.662,1,1
206.662,1,0
206.666,1,2
206.666,3,2
206.67,2,2
206.67,2,2
206.67,2,2
206.674,1,1
206.674,1,2
206.678,2,2
206.678,2,2
206.678,2,2
206.682,1,1
206.682,1,1
206.686,1,1
206.686,0,1
206.691,2,2
206.691,1,1
206.691,1,1
206.695,1,0
206.695,0,1
206.699,1,1
206.699,1,2
206.703,2,2
206.703,1,1
206.703,2,3
206.707,3,1
206.707,1,1
206.711,0,1
206.711,2,2
206.715,2,2
206.715,1,1
206.715,1,0
206.719,0,0
206.719,1,3
206.723,3,4
206.723,3,2
206.727,1,0
206.728,1,3
206.728,3,2
206.732,2,1
206.732,1,0
206.736,0,0
206.736,2,2
206.74,1,1
206.74,1,0
206.74,0,1
206.744,3,3
206.744,3,2
206.748,2,1
206.748,1,1
206.752,1,1
206.752,1,0
206.752,1,1
206.756,1,2
206.756,2,3
206.76,2,1
206.76,1,1
206.764,1,0
206.764,0,1
206.764,2,2
206.768,2,2
206.768,2,2
206.773,2,2
206.773,1,1
206.773,1,1
206.777,1,1
206.777,1,2
206.781,2,2
206.781,2,2
206.785,2,3
206.785,2,2
206.785,2,1
206.789,1,0
206.789,0,0
206.793,0,0
206.793,2,5
206.797,5,3
206.797,1,0
206.797,0,0
206.801,1,2
206.801,2,2
206.805,2,2
206.805,2,2
206.809,2,1
206.809,2,2
206.809,2,2
206.813,1,1
206.813,1,1
206.818,3,3
206.818,2,1
206.822,1,1
206.822,1,2
206.822,3,3
206.826,2,1
206.826,1,1
206.83,0,0
206.83,1,1
206.834,2,2
206.834,3,2
206.834,1,0
206.838,1,1
206.838,2,3
206.842,1,1
206.842,1,1
206.846,2,3
206.846,2,2
206.846,2,1
206.85,0,0
206.85,0,1
206.854,2,2
206.854,2,2
206.859,2,2
206.859,2,1
206.859,1,1
206.863,1,1
206.863,1,1
206.867,0,1
206.867,2,2
206.867,2,1
206.871,0,0
206.871,1,3
206.875,4,4
206.875,3,2
206.879,1,0
206.879,0,0
206.879,0,1
206.883,1,1
206.883,1,1
206.887,0,1
206.887,1,2
206.891,2,2
206.891,3,2
206.891,2,1
206.895,1,2
206.895,3,2
206.899,2,1
206.9,1,0
206.904,0,1
206.904,1,1
206.904,2,2
206.908,3,2
206.908,1,1
206.912,0,0
206.912,0,1
206.916,2,2
206.916,1,1
206.916,1,1
206.92,1,1
206.92,2,2
206.924,2,2
206.924,2,2
206.928,3,1
206.928,1,0
206.928,1,1
206.932,1,1
206.932,1,1
206.936,1,1
206.936,2,2
206.94,2,2
206.94,1,1
206.94,1,0
206.945,1,2
206.945,4,5
206.949,4,1
206.949,0,0
206.953,0,0
206.953,0,1
206.953,1,2
206.957,3,2
206.957,1,1
206.961,0,0
206.961,0,1
206.961,2,2
206.965,2,2
206.965,2,2
206.969,2,2
206.969,3,2
206.973,1,0
206.973,0,1
206.973,2,2
206.977,2,2
206.977,2,1
206.982,1,1
206.982,2,2
206.986,2,2
206.986,2,2
206.986,1,1
206.99,2,2
206.99,1,1
206.994,1,1
206.994,1,1
206.998,1,0
206.998,0,1
206.998,2,2
207.002,2,2
207.002,1,1
207.006,1,2
207.006,3,3
207.01,2,2
207.01,1,1
207.01,0,0
207.014,0,0
207.014,0,0
207.018,0,1
207.018,3,6
207.022,6,3
207.022,1,0
207.023,0,0
207.027,2,1
207.027,2,1
207.031,1,1
207.031,1,1
207.035,1,0
207.035,0,1
207.035,1,0
207.039,0,1
207.039,1,2
207.043,2,2
207.043,2,2
207.047,2,1
207.047,1,1
207.047,2,2
207.051,2,2
207.051,2,2
207.055,1,1
207.055,1,2
207.055,2,2
207.059,2,1
207.059,1,1
207.063,1,1
207.063,2,2
207.067,2,2
207.067,2,2
207.067,2,1
207.072,1,0
207.072,1,1
207.076,1,1
207.076,1,1
207.08,2,1
207.08,1,2
207.08,2,3
207.084,3,1
207.084,0,1
207.088,1,2
207.088,2,3
207.092,1,0
207.092,1,1
207.092,2,4
207.096,4,2
207.096,0,0
207.1,0,0
207.1,1,1
207.104,2,2
207.104,2,2
207.104,2,2
207.108,2,2
207.109,1,1
207.113,2,1
207.113,1,2
207.117,2,2
207.117,2,2
207.117,1,1
207.121,1,2
207.121,3,3
207.125,2,1
207.125,0,0
207.129,1,2
207.129,2,2
207.129,2,1
207.133,1,1
207.133,1,1
207.137,0,1
207.137,1,1
207.141,2,2
207.141,3,2
207.141,1,0
207.145,1,2
207.145,2,2
207.149,2,1
207.149,1,1
207.149,1,1
207.154,1,1
207.154,1,2
207.158,2,2
207.158,2,2
207.162,1,2
207.162,3,2
207.162,1,0
207.166,0,0
207.166,1,3
207.17,5,5
207.17,3,2
207.174,0,-1
207.174,0,0
207.174,0,1
207.178,1,1
207.178,0,0
207.182,0,2
207.182,2,3
207.186,2,3
207.186,3,3
207.186,2,2
207.19,1,1
207.19,0,0
207.194,1,1
207.194,2,2
207.198,2,2
207.199,2,2
207.199,1,1
207.203,0,1
207.203,1,2
207.207,2,2
207.207,2,1
207.211,1,1
207.211,2,2
207.211,3,3
207.215,2,1
207.215,0,0
207.219,1,1
207.219,1,1
207.223,1,2
207.223,2,2
207.223,1,1
207.227,1,2
207.227,2,3
207.231,3,2
207.231,2,1
207.235,1,0
207.235,0,0
207.235,1,1
207.239,1,1
207.239,1,1
207.244,1,0
207.244,2,2
207.244,3,4
207.248,3,2
207.248,1,0
207.252,0,1
207.252,1,1
207.256,0,1
207.256,1,1
207.256,1,1
207.26,1,1
207.26,2,2
207.264,1,1
207.264,1,1
207.268,2,2
207.268,2,2
207.268,2,2
207.272,2,2
207.272,2,1
207.276,0,1
207.276,1,2
207.28,2,2
207.28,2,3
207.28,2,2
207.284,2,1
207.285,0,0
207.289,0,1
207.289,1,2
207.293,1,1
207.293,1,1
207.293,2,2
207.297,2,2
207.297,2,1
207.301,1,1
207.301,1,1
207.305,1,1
207.305,2,2
207.305,2,3
207.309,3,1
207.309,1,0
207.313,1,0
207.313,0,0
207.317,1,3
207.317,4,3
207.317,1,0
207.321,1,1
207.321,2,2
207.325,3,1
207.325,1,1
207.325,1,1
207.33,1,1
207.33,1,1
207.334,0,1
207.334,1,2
207.338,2,1
207.338,1,2
207.338,2,3
207.342,2,1
207.342,0,1
207.346,2,2
207.346,2,1
207.35,1,0
207.35,1,1
207.35,1,1
207.354,1,1
207.354,2,2
207.358,3,3
207.358,1,1
207.362,1,2
207.362,1,1
207.362,0,1
207.366,0,1
207.366,2,2
207.371,2,2
207.371,2,1
207.375,1,1
207.375,2,2
207.375,2,2
207.379,2,2
207.379,2,2
207.383,1,1
207.383,1,0
207.387,1,2
207.387,2,2
207.387,1,0
207.391,0,1
207.391,3,5
207.395,4,2
207.395,1,0
207.399,0,0
207.399,0,1
207.399,2,2
207.403,2,1
207.403,2,2
207.407,3,2
207.407,1,1
207.411,0,0
207.412,1,1
207.412,2,2
207.416,2,1
207.416,1,1
207.42,1,2
207.42,2,2
207.424,1,1
207.424,1,1
207.424,1,3
207.428,4,4
207.428,3,1
207.432,0,0
207.432,0,1
207.432,1,2
207.436,2,3
207.436,2,2
207.44,1,1
207.44,1,1
207.444,1,0
207.444,0,0
207.444,1,1
207.448,1,2
207.448,2,2
207.452,2,2
207.452,2,2
207.457,2,2
207.457,2,1
207.457,1,1
207.461,1,1
207.461,2,2
207.465,2,1
207.465,1,0
207.469,1,3
207.469,4,3
207.469,2,1
207.473,0,0
207.473,0,1
207.477,1,1
207.477,1,1
207.481,1,1
207.481,1,2
207.481,2,2
207.485,2,2
207.485,1,1
207.489,1,1
207.489,2,2
207.493,3,2
207.493,2,1
207.494,1,1
207.498,1,2
207.498,2,2
207.502,2,1
207.502,1,2
207.506,2,2
207.506,2,2
207.506,2,1
207.51,2,2
207.51,2,1
207.514,0,0
207.514,0,1
207.514,1,1
207.518,1,2
207.518,2,1
207.522,1,1
207.522,2,1
207.526,1,1
207.526,1,2
207.526,2,2
207.53,2,2
207.53,2,2
207.534,2,2
207.534,1,1
207.539,1,1
207.539,1,1
207.539,2,5
207.543,5,2
207.543,1,0
207.547,0,0
207.547,1,2
207.551,1,1
207.551,1,1
207.551,0,1
207.555,1,1
207.555,1,1
207.559,1,1
207.559,1,2
207.563,2,2
207.563,2,2
207.563,2,2
207.567,1,1
207.567,2,2
207.571,2,3
207.571,2,1
207.575,0,0
207.575,1,1
207.575,1,2
207.579,1,1
207.579,1,2
207.584,2,3
207.584,3,2
207.588,2,1
207.588,1,1
207.588,0,0
207.592,1,1
207.592,1,2
207.596,3,2
207.596,1,0
207.6,1,1
207.6,2,2
207.6,2,2
207.604,2,1
207.604,1,2
207.608,2,2
207.608,2,2
207.608,2,2
207.612,1,1
207.612,1,0
207.616,1,1
207.616,2,2
207.62,3,3
207.62,1,1
207.62,0,1
207.624,1,1
207.624,1,2
207.629,2,2
207.629,2,2
207.633,1,0
207.633,0,0
207.633,2,5
207.637,5,3
207.637,1,1
207.641,1,1
207.641,1,1
207.645,1,0
207.645,0,1
207.645,1,1
207.649,1,1
207.649,1,1
207.653,0,1
207.653,1,1
207.657,2,2
207.657,2,2
207.657,1,1
207.661,1,1
207.661,2,2
207.665,2,3
207.665,2,3
207.67,2,1
207.67,0,0
207.67,0,1
207.674,1,2
207.674,1,1
207.678,1,1
207.678,2,3
207.682,3,2
207.682,2,1
207.682,0,0
207.686,1,1
207.686,2,2
207.69,2,2
207.69,2,2
207.694,1,1
207.694,1,1
207.694,1,1
207.698,1,0
207.698,1,1
207.702,2,2
207.702,3,2
207.706,1,1
207.706,1,1
207.706,1,0
207.71,0,0
207.71,1,4
207.715,6,4
207.715,2,1
207.715,0,0
207.719,0,0
207.719,1,1
207.723,1,1
207.723,1,1
207.727,1,1
207.727,1,1
207.727,1,2
207.731,2,2
207.731,1,1
207.735,1,2
207.735,2,2
207.739,2,2
207.739,2,2
207.739,2,2
207.743,1,1
207.743,1,1
207.747,1,0
207.747,0,1
207.751,1,1
207.751,1,1
207.751,2,2
207.756,2,2
207.756,2,2
207.76,2,1
207.76,0,1
207.764,1,1
207.764,2,2
207.764,3,3
207.768,1,1
207.768,1,0
207.772,1,1
207.772,1,1
207.776,0,1
207.776,1,1
207.776,2,2
207.78,2,2
207.78,2,2
207.784,2,1
207.784,1,2
207.788,3,2
207.788,1,0
207.788,0,0
207.792,2,6
207.792,6,3
207.796,0,0
207.797,0,0
207.801,0,0
207.801,1,1
207.801,1,1
207.805,1,2
207.805,2,3
207.809,3,2
207.809,2,1
207.809,1,1
207.813,1,1
207.813,2,1
207.817,1,2
207.817,3,3
207.821,2,2
207.821,1,1
207.821,0,0
207.825,1,2
207.825,2,2
207.829,1,1
207.829,1,1
207.833,1,1
207.833,2,2
207.833,1,1
207.837,1,1
207.837,1,1
207.841,1,1
207.842,0,1
207.846,1,1
207.846,1,1
207.846,1,1
207.85,2,3
207.85,3,3
207.854,2,1
207.854,1,0
207.858,0,1
207.858,1,1
207.858,2,3
207.862,3,1
207.862,1,0
207.866,2,1
207.866,1,1
207.87,0,1
207.87,2,3
207.87,3,3
207.874,1,0
207.874,0,0
207.878,0,0
207.878,1,2
207.883,3,3
207.883,3,2
207.883,1,1
207.887,2,3
207.887,3,1
207.891,0,1
207.891,1,2
207.895,2,1
207.895,2,2
207.895,2,2
207.899,2,1
207.899,1,1
207.903,1,1
207.903,0,0
207.903,0,2
207.907,2,2
207.907,1,1
207.911,1,2
207.911,3,3
207.915,2,1
207.915,0,1
207.915,1,1
207.919,0,1
207.919,1,2
207.924,2,2
207.924,2,2
207.928,2,2
207.928,2,2
207.928,1,1
207.932,1,1
207.932,0,1
207.936,1,1
207.936,1,1
207.94,1,2
207.94,2,2
207.94,2,2
207.944,1,2
207.944,2,2
207.948,2,2
207.948,1,1
207.952,1,1
207.952,1,1
207.952,1,1
207.956,2,6
207.956,5,2
207.96,0,0
207.96,0,0
207.964,1,2
207.964,2,2
207.964,2,2
207.968,2,2
207.968,1,1
207.973,1,1
207.973,0,0
207.977,2,2
207.977,3,2
207.977,1,1
207.981,2,2
207.981,2,2
207.985,2,2
207.985,2,2
207.989,2,1
207.989,1,1
207.989,2,2
207.993,1,1
207.993,0,0
207.997,0,1
207.997,1,0
208.001,1,1
208.001,2,2
208.001,3,3
208.005,2,1
208.005,1,1
208.009,1,1
208.009,1,1
208.01,2,2
208.014,2,2
208.014,2,2
208.018,2,1
208.018,1,1
208.022,1,1
208.022,2,2
208.022,2,2
208.026,1,2
208.026,2,1
208.03,1,1
208.03,1,1
208.034,1,1
208.034,0,1
208.034,2,3
208.038,4,2
208.038,1,0
208.042,0,1
208.042,1,2
208.046,2,1
208.046,1,1
208.046,1,2
208.05,3,3
208.05,2,1
208.055,1,1
208.055,1,0
208.059,0,1
208.059,0,1
208.059,2,3
208.063,2,2
208.063,2,2
208.067,2,1
208.067,1,2
208.071,3,2
208.071,2,2
208.071,1,0
208.075,0,0
208.075,1,1
208.079,1,1
208.079,1,1
208.083,1,2
208.083,2,2
208.083,3,3
208.087,2,2
208.087,1,0
208.091,0,0
208.091,1,1
208.095,1,1
208.096,1,1
208.096,2,2
208.1,2,2
208.1,2,1
208.104,1,1
208.104,2,2
208.104,2,2
208.108,1,2
208.108,2,2
208.112,2,2
208.112,1,1
208.116,1,1
208.116,1,0
208.116,0,2
208.12,3,6
208.12,5,3
208.124,0,0
208.124,0,0
208.128,1,2
208.128,2,2
208.128,1,1
208.132,1,1
208.132,1,1
208.137,1,0
208.137,1,1
208.141,1,2
208.141,3,2
208.141,2,1
208.145,2,2
208.145,2,2
208.149,2,1
208.149,1,1
208.153,2,1
208.153,0,0
208.153,1,1
208.157,1,2
208.157,2,2
208.161,2,1
208.161,2,3
208.165,2,2
208.165,2,1
208.165,1,1
208.169,1,1
208.169,1,0
208.173,0,1
208.173,1,2
208.177,2,2
208.177,1,1
208.177,1,2
208.182,2,3
208.182,3,2
208.186,2,1
208.186,1,1
208.19,1,0
208.19,0,0
208.19,0,0
208.194,2,5
208.194,5,3
208.198,0,0
208.198,0,1
208.198,1,1
208.202,2,3
208.202,3,2
208.206,1,1
208.206,1,0
208.21,1,2
208.21,1,1
208.21,1,1
208.214,1,2
208.214,3,4
208.218,2,2
208.218,1,0
208.222,0,0
208.222,0,0
208.223,1,1
208.227,2,3
208.227,4,2
208.231,1,0
208.231,0,1
208.235,2,3
208.235,2,1
208.235,1,1
208.239,1,1
208.239,1,1
208.243,1,1
208.243,1,1
208.247,1,1
208.247,1,1
208.247,0,1
208.251,1,2
208.251,2,2
208.255,2,2
208.255,2,2
208.259,2,1
208.259,1,1
208.259,2,2
208.263,2,1
208.263,0,0
208.268,0,0
208.268,2,5
208.272,4,3
208.272,1,0
208.272,0,0
208.276,0,2
208.276,2,1
208.28,1,1
208.28,1,1
208.28,1,1
208.284,1,1
208.284,2,2
208.288,2,2
208.288,2,2
208.292,2,2
208.292,2,2
208.292,2,2
208.296,2,1
208.296,0,0
208.3,1,1
208.3,0,1
208.304,2,2
208.304,2,1
208.304,1,1
208.308,1,2
208.308,2,2
208.313,2,2
208.313,3,2
208.317,2,1
208.317,0,0
208.317,0,0
208.321,0,1
208.321,2,2
208.325,2,2
208.325,2,2
208.329,2,2
208.329,2,2
208.329,2,1
208.333,1,1
208.333,2,1
208.337,1,1
208.337,1,1
208.341,1,2
208.341,3,3
208.341,2,1
208.345,1,2
208.345,2,2
208.35,2,1
208.35,1,1
208.354,1,0
208.354,0,0
208.354,1,3
208.358,3,4
208.358,4,2
208.362,0,0
208.362,0,1
208.366,2,2
208.366,2,2
208.366,2,1
208.37,1,1
208.37,2,3
208.374,2,1
208.374,0,0
208.374,0,0
208.378,1,1
208.378,1,1
208.382,2,2
208.382,2,2
208.386,2,2
208.386,2,2
208.386,2,2
208.39,1,1
208.39,1,0
208.394,1,1
208.394,1,1
208.399,1,1
208.399,1,2
208.399,3,3
208.403,2,1
208.403,1,0
208.407,0,1
208.407,2,2
208.411,1,1
208.411,2,2
208.411,3,1
208.415,1,0
208.415,0,1
208.419,2,2
208.419,2,2
208.423,2,2
208.423,2,2
208.423,2,2
208.427,1,1
208.427,1,1
208.431,1,1
208.431,1,1
208.435,0,1
208.436,1,1
208.436,1,2
208.44,2,2
208.44,3,2
208.444,1,1
208.444,1,1
208.448,1,1
208.448,1,1
208.448,1,0
208.452,1,2
208.452,2,2
208.456,2,2
208.456,1,1
208.46,1,1
208.46,1,2
208.46,2,2
208.464,2,3
208.464,2,1
208.468,0,0
208.468,0,0
208.468,2,6
208.472,6,3
208.472,0,0
208.476,0,0
208.476,0,0
208.481,1,1
208.481,1,1
208.481,1,1
208.485,1,1
208.485,1,1
208.489,1,1
208.489,1,1
208.493,1,1
208.493,2,2
208.493,2,2
208.497,2,2
208.497,1,1
208.501,1,1
208.501,1,1
208.505,2,2
208.505,2,2
208.505,2,2
208.509,2,2
208.509,1,1
208.513,1,1
208.513,1,1
208.517,1,0
208.517,1,2
208.517,2,2
208.521,1,1
208.521,1,1
208.526,1,1
208.526,1,1
208.53,1,1
208.53,1,1
208.53,0,1
208.534,1,1
208.534,1,1
208.538,1,1
208.538,1,2
208.542,2,2
208.542,2,1
208.542,1,2
208.546,3,3
208.546,2,1
208.55,1,1
208.55,1,0
208.554,0,1
208.554,1,1
208.554,1,2
208.558,2,2
208.558,2,2
208.562,2,1
208.562,0,0
208.563,1,2
208.567,2,2
208.567,2,2
208.571,1,1
208.571,1,2
208.575,2,3
208.575,2,1
208.575,0,1
208.579,1,1
208.579,2,2
208.583,2,3
208.583,2,2
208.587,2,2
208.587,2,1
208.587,1,0
208.591,0,0
208.591,0,1
208.595,2,2
208.595,2,2
208.599,1,0
208.599,0,0
208.599,1,4
208.603,5,5
208.603,2,1
208.607,0,0
208.607,1,1
208.612,1,1
208.612,0,0
208.612,1,1
208.616,1,2
208.616,2,2
208.62,2,2
208.62,2,3
208.624,1,1
208.624,0,1
208.624,2,2
208.628,2,2
208.628,2,2
208.632,3,2
208.632,1,0
208.636,0,0
208.636,0,1
208.636,0,1
208.64,1,3
208.64,3,3
208.644,2,1
208.644,1,1
208.644,0,0
208.648,1,1
208.648,1,1
208.652,1,1
208.652,2,2
208.657,2,1
208.657,2,2
208.657,1,2
208.661,2,2
208.661,2,2
208.665,2,1
208.665,1,1
208.669,1,1
208.669,1,1
208.669,0,1
208.673,2,2
208.673,2,2
208.677,1,1
208.677,1,1
208.681,1,0
208.681,1,1
208.681,1,1
208.685,2,1
208.685,1,1
208.689,1,1
208.689,2,1
208.693,1,2
208.693,2,1
208.694,1,1
208.698,3,5
208.698,5,2
208.702,0,0
208.702,0,0
208.706,0,1
208.706,1,1
208.706,1,1
208.71,1,1
208.71,0,1
208.714,1,1
208.714,2,2
208.718,2,2
208.718,1,1
208.718,1,1
208.722,1,2
208.722,2,2
208.726,2,2
208.726,2,2
208.73,2,2
208.73,1,1
208.73,1,2
208.734,2,1
208.734,0,0
208.739,1,1
208.739,1,0
208.743,1,1
208.743,2,3
208.743,2,1
208.747,0,1
208.747,1,1
208.751,1,1
208.751,1,1
208.751,1,2
208.755,2,3
208.755,3,2
208.759,1,1
208.759,0,1
208.763,2,2
208.763,1,1
208.763,1,1
208.767,1,1
208.767,2,2
208.771,2,2
208.771,1,1
208.775,1,1
208.775,1,1
208.775,1,2
208.779,2,2
208.779,2,2
208.784,1,1
208.784,1,0
208.788,1,2
208.788,3,5
208.788,4,2
208.792,0,0
208.792,0,1
208.796,2,2
208.796,1,1
208.8,0,0
208.8,0,1
208.8,1,1
208.804,1,1
208.804,1,1
208.808,2,2
208.808,2,1
208.812,1,1
208.812,1,2
208.812,3,3
208.816,2,2
208.816,1,1
208.82,1,1
208.82,1,1
208.824,1,1
208.825,2,2
208.825,2,1
208.829,1,1
208.829,1,2
208.833,3,2
208.833,2,2
208.837,1,1
208.837,1,1
208.837,1,1
208.841,2,2
208.841,2,2
208.845,2,2
208.845,2,2
208.845,1,1
208.849,1,1
208.849,2,2
208.853,2,2
208.853,1,1
208.857,1,1
208.857,1,2
208.857,2,2
208.861,2,2
208.861,2,2
208.866,2,1
208.866,1,0
208.87,2,2
208.87,2,2
208.87,1,0
208.874,0,1
208.874,1,1
208.878,1,1
208.878,2,2
208.882,2,2
208.882,3,2
208.882,1,1
208.886,0,1
208.886,2,2
208.89,2,1
208.89,1,2
208.894,2,2
208.894,2,1
208.894,1,1
208.898,0,2
208.898,1,1
208.902,1,1
208.902,2,2
208.906,2,2
208.906,2,2
208.906,2,2
208.911,2,1
208.911,1,1
208.915,1,1
208.915,0,0
208.919,0,0
208.919,2,6
208.919,6,4
208.923,3,1
208.923,0,0
208.927,0,0
208.927,0,0
208.931,0,1
208.931,2,2
208.931,2,1
208.935,1,1
208.935,1,1
208.939,1,1
208.939,1,2
208.939,3,3
208.943,3,2
208.943,2,1
208.947,1,0
208.947,0,0
208.951,0,1
208.952,2,2
208.952,2,3
208.956,3,2
208.956,2,1
208.96,0,0
208.96,0,1
208.964,1,1
208.964,2,2
208.964,2,2
208.968,2,1
208.968,1,1
208.972,1,2
208.972,3,3
208.976,1,1
208.976,1,1
208.976,1,1
208.98,1,1
208.98,1,2
208.984,5,4
208.984,4,2
208.988,0,0
208.988,0,0
208.988,0,0
208.992,0,2
208.992,2,2
208.997,1,1
208.997,1,1
209.001,2,2
209.001,2,2
209.001,2,2
209.005,2,2
209.005,1,1
209.009,1,1
209.009,1,1
209.013,2,2
209.013,3,2
209.013,2,2
209.017,2,2
209.017,1,1
209.021,1,0
209.021,0,1
209.021,1,1
209.025,1,1
209.025,1,1
209.029,1,2
209.029,3,6
209.033,4,2
209.033,0,-1
209.033,0,1
209.037,1,1
209.037,1,1
209.042,1,1
209.042,1,1
209.046,2,2
209.046,2,2
209.046,2,3
209.05,2,1
209.05,1,1
209.054,1,2
209.054,2,2
209.058,2,2
209.058,1,1
209.058,1,1
209.062,2,3
209.062,3,2
209.066,1,1
209.066,1,1
209.07,1,0
209.07,0,1
209.07,1,1
209.074,1,2
209.074,2,3
209.078,2,2
209.078,1,1
209.083,2,2
209.083,2,2
209.083,2,2
209.087,1,1
209.087,1,1
209.091,2,2
209.091,2,2
209.095,2,1
209.095,1,1
209.095,1,1
209.099,1,1
209.099,1,1
209.103,2,3
209.103,3,3
209.107,3,3
209.107,2,1
209.107,0,0
209.111,0,0
209.111,0,2
209.115,2,2
209.115,2,1
209.115,0,1
209.119,2,2
209.119,2,2
209.124,2,2
209.124,2,2
209.128,2,1
209.128,2,2
209.128,2,2
209.132,1,0
209.132,0,-1
209.136,0,3
209.136,5,4
209.14,4,2
209.14,1,0
209.14,0,1
209.144,2,2
209.144,2,1
209.148,1,1
209.148,1,0
209.152,0,0
209.152,1,1
209.152,0,0
209.156,1,1
209.156,1,1
209.16,2,2
209.16,3,4
209.165,4,5
209.165,3,3
209.165,2,0
209.169,0,0
209.169,0,0
209.173,0,0
209.173,1,3
209.177,5,4
209.177,2,1
209.177,0,0
209.181,0,1
209.181,1,1
209.185,1,2
209.185,3,3
209.189,2,2
209.189,4,3
209.189,1,0
209.193,-1,0
209.193,0,1
209.197,2,3
209.197,3,3
209.197,1,0
209.201,0,0
209.201,2,5
209.205,6,2
209.205,0,0
209.21,1,1
209.21,2,2
209.21,3,3
209.214,1,-2
209.214,-4,-3
209.218,0,5
209.218,7,3
209.222,-1,-6
209.222,-3,2
209.222,7,12
209.226,13,14
209.226,9,1
209.23,-7,-16
209.23,-11,0
209.234,5,7
209.234,8,11
209.238,12,11
209.238,6,2
209.238,-1,-8
209.242,-4,4
209.242,11,12
209.246,0,-6
209.246,-1,0
209.251,-4,-12
209.251,-15,-14
209.255,-11,-12
209.255,-11,-4
209.255,5,14
209.259,14,11
209.259,6,3
209.263,8,16
209.263,23,23
209.267,10,1
209.267,0,-3
209.267,-6,-7
209.271,-8,-10
209.271,-15,-7
209.275,7,12
209.275,11,9
209.279,6,5
209.279,4,2
209.279,-1,-6
209.283,-7,-4
209.283,1,12
209.287,18,14
209.287,4,-3
209.291,-3,-2
209.291,0,2
209.292,3,2
209.296,3,3
209.296,2,0
209.3,-1,-4
209.3,-9,-10
209.304,-6,0
209.304,5,9
209.308,10,10
209.308,10,7
209.308,3,-1
209.312,-3,-3
209.312,-3,-3
209.316,-2,-1
209.316,0,0
209.32,2,3
209.32,6,9
209.32,12,15
209.324,13,9
209.324,4,0
209.328,-3,-5
209.328,-6,-7
209.332,-6,-7
209.332,-5,-3
209.332,0,2
209.337,4,6
209.337,7,8
209.341,8,6
209.341,6,6
209.345,4,0
209.345,-2,-1
209.345,-1,0
209.349,-1,-1
209.349,-1,0
209.353,0,0
209.353,1,2
209.357,5,7
209.357,9,9
209.357,8,5
209.361,1,-1
209.361,-4,-5
209.365,-4,0
209.365,1,4
209.369,5,1
209.369,-2,-2
209.369,0,3
209.373,4,6
209.373,6,5
209.378,3,0
209.378,0,0
209.382,1,1
209.382,0,0
209.382,0,0
209.386,0,-1
209.386,0,1
209.39,3,6
209.39,7,6
209.39,4,3
209.394,2,1
209.394,1,1
209.398,1,1
209.398,1,0
209.402,0,0
209.402,0,0
209.402,0,1
209.406,3,4
209.406,3,3
209.41,2,2
209.41,2,3
209.414,3,2
209.414,1,0
209.414,0,0
209.418,0,2
209.418,4,5
209.423,4,3
209.423,0,0
209.427,0,0
209.427,1,2
209.427,3,3
209.431,2,1
209.431,0,0
209.435,-1,-1
209.435,0,2
209.439,4,7
209.439,6,1
209.439,0,-2
209.443,0,0
209.443,2,2
209.447,2,2
209.447,2,2
209.451,3,3
209.451,1,0
209.451,0,1
209.455,1,1
209.455,1,0
209.459,1,1
209.459,2,3
209.463,3,3
209.463,1,1
209.463,0,1
209.468,1,2
209.468,3,3
209.472,3,2
209.472,1,1
209.476,2,2
209.476,1,1
209.476,0,0
209.48,0,0
209.48,0,0
209.484,1,2
209.484,3,1
209.484,2,2
209.488,3,3
209.488,4,3
209.492,1,1
209.492,1,1
209.496,1,0
209.496,0,0
209.496,0,0
209.5,1,2
209.5,3,3
209.505,4,3
209.505,4,4
209.509,4,2
209.509,2,0
209.509,0,-1
209.513,-1,0
209.513,0,0
209.517,0,1
209.517,2,3
209.521,3,3
209.521,2,3
209.521,4,4
209.525,3,2
209.525,1,0
209.529,0,0
209.529,1,3
209.533,2,0
209.533,0,-1
209.533,0,1
209.537,3,4
209.537,3,3
209.541,3,3
209.541,4,3
209.545,3,2
209.545,1,0
209.545,0,-1
209.549,-1,-1
209.55,0,0
209.554,0,1
209.554,2,3
209.558,3,4
209.558,4,4
209.558,3,3
209.562,2,2
209.562,1,0
209.566,1,0
209.566,0,0
209.566,0,0
209.57,0,2
209.57,3,3
209.574,2,1
209.574,2,3
209.578,3,2
209.578,2,2
209.578,3,3
209.582,2,1
209.582,0,-1
209.586,0,-1
209.586,0,0
209.59,0,2
209.59,3,5
209.59,4,5
209.595,4,3
209.595,1,0
209.599,0,-2
209.599,-1,0
209.603,0,1
209.603,2,4
209.603,5,2
209.607,2,2
209.607,3,4
209.611,3,2
209.611,1,1
209.615,2,2
209.615,1,0
209.615,0,0
209.619,0,0
209.619,0,1
209.623,2,2
209.623,2,2
209.627,1,2
209.627,2,3
209.627,2,2
209.631,2,2
209.631,1,1
209.636,1,1
209.636,1,1
209.64,2,2
209.64,1,2
209.64,3,3
209.644,3,2
209.644,2,2
209.648,1,1
209.648,0,0
209.652,0,0
209.652,1,1
209.652,1,1
209.656,1,0
209.656,1,3
209.66,4,5
209.66,3,2
209.66,1,1
209.664,0,0
209.664,1,1
209.668,0,1
209.668,0,1
209.672,1,2
209.672,4,5
209.672,4,0
209.676,0,0
209.676,0,1
209.681,2,2
209.681,1,1
209.685,1,1
209.685,2,2
209.685,2,3
209.689,3,2
209.689,2,1
209.693,0,0
209.693,0,1
209.697,1,0
209.697,0,1
209.697,2,2
209.701,2,2
209.701,2,2
209.705,2,3
209.705,2,2
209.709,2,2
209.709,2,1
209.709,1,0
209.713,0,0
209.713,0,1
209.717,1,2
209.717,2,2
209.722,2,2
209.722,2,3
209.722,2,2
209.726,2,1
209.726,0,0
209.73,0,0
209.73,0,0
209.734,2,2
209.734,3,2
209.734,2,2
209.738,1,1
209.738,0,1
209.742,2,3
209.742,4,6
209.742,6,3
209.746,0,-2
209.746,-2,0
209.75,0,1
209.75,2,2
209.754,2,2
209.754,1,1
209.754,2,2
209.758,2,3
209.758,2,2
209.762,1,0
209.762,0,1
209.767,1,1
209.767,1,2
209.767,3,3
209.771,1,1
209.771,1,1
209.775,1,1
209.775,1,1
209.779,1,1
209.779,0,1
209.779,2,2
209.783,2,2
209.783,2,1
209.787,1,1
209.787,2,2
209.791,2,2
209.791,1,1
209.791,1,1
209.795,1,1
209.795,1,1
209.799,1,1
209.799,0,0
209.803,0,0
209.804,1,2
209.804,2,2
209.808,2,2
209.808,3,2
209.812,2,2
209.812,2,2
209.816,1,0
209.816,0,1
209.816,2,1
209.82,0,0
209.82,0,1
209.824,3,6
209.824,5,3
209.828,0,0
209.828,0,0
209.828,0,0
209.832,1,1
209.832,2,1
209.836,1,1
209.836,1,1
209.836,2,1
209.84,1,2
209.84,2,2
209.844,2,2
209.844,2,1
209.848,1,1
209.848,2,2
209.849,2,2
209.853,2,1
209.853,1,1
209.857,2,3
209.857,3,2
209.861,0,0
209.861,1,2
209.861,2,1
209.865,1,1
209.865,1,1
209.869,2,1
209.869,1,0
209.873,0,1
209.873,1,1
209.873,2,1
209.877,1,1
209.877,2,2
209.881,2,2
209.881,2,2
209.885,2,3
209.885,2,2
209.885,2,2
209.889,2,1
209.889,1,0
209.893,0,0
209.894,0,0
209.898,0,0
209.898,2,5
209.898,4,4
209.902,3,1
209.902,2,2
209.906,2,2
209.906,1,1
209.91,0,0
209.91,0,0
209.91,0,1
209.914,2,2
209.914,2,1
209.918,1,1
209.918,1,1
209.918,2,2
209.922,2,2
209.922,2,2
209.926,2,3
209.926,1,1
209.93,1,0
209.93,1,1
209.93,1,1
209.934,1,1
209.934,2,2
209.939,2,2
209.939,2,3
209.943,1,0
209.943,0,0
209.943,1,2
209.947,3,4
209.947,3,2
209.951,2,1
209.951,0,0
209.955,1,1
209.955,0,0
209.955,1,2
209.959,2,3
209.959,1,1
209.963,0,1
209.963,2,1
209.967,0,0
209.967,1,1
209.967,2,2
209.971,2,1
209.971,2,2
209.975,2,2
209.975,3,1
209.98,1,0
209.98,0,0
209.98,2,4
209.984,6,4
209.984,2,0
209.988,0,0
209.988,0,0
209.992,1,2
209.992,3,3
209.992,2,1
209.996,0,0
209.996,0,1
210,1,1
210,1,1
210.004,1,1
210.004,1,0
210.004,1,2
210.008,2,3
210.008,3,2
210.012,2,2
210.012,1,0
210.012,0,0
210.016,1,1
210.016,2,2
210.021,2,1
210.021,1,0
210.025,0,1
210.025,2,2
210.025,2,3
210.029,3,3
210.029,2,2
210.033,1,1
210.033,0,0
210.037,1,1
210.037,0,1
210.037,1,1
210.041,2,2
210.041,2,2
210.045,2,2
210.045,2,2
210.049,1,1
210.049,1,1
210.049,1,2
210.053,2,2
210.053,2,2
210.057,1,1
210.057,1,1
210.061,2,4
210.061,3,2
210.062,1,1
210.066,1,1
210.066,1,0
210.07,0,1
210.07,1,1
210.074,1,1
210.074,1,1
210.074,1,1
210.078,2,2
210.078,2,2
210.082,1,1
210.082,1,2
210.086,2,2
210.086,2,2
210.086,3,2
210.09,1,1
210.09,1,1
210.094,1,0
210.094,0,1
210.094,2,2
210.098,2,2
210.098,1,1
210.102,1,1
210.102,2,2
210.107,2,1
210.107,1,0
210.107,0,0
210.111,1,1
210.111,1,1
210.115,1,0
210.115,1,2
210.119,2,3
210.119,3,2
210.119,2,2
210.123,1,2
210.123,2,3
210.127,3,3
210.127,2,1
210.131,0,0
210.131,0,1
210.131,0,0
210.135,0,0
210.135,1,5
210.139,5,4
210.139,1,0
210.143,0,0
210.143,0,0
210.143,0,2
210.147,2,2
210.148,2,1
210.152,1,1
210.152,1,1
210.156,1,1
210.156,2,3
210.156,3,2
210.16,1,1
210.16,1,2
210.164,2,2
210.164,3,2
210.168,1,0
210.168,0,0
210.168,0,1
210.172,1,1
210.172,1,1
210.176,2,2
210.176,2,2
210.18,2,2
210.18,2,2
210.18,2,2
210.184,1,1
210.184,2,2
210.188,2,2
210.188,1,1
210.188,1,2
210.193,2,2
210.193,2,1
210.197,2,2
210.197,2,1
210.201,2,2
210.201,1,1
210.201,1,0
210.205,0,1
210.205,2,1
210.209,1,0
210.209,0,1
210.213,3,5
210.213,5,3
210.213,1,0
210.217,0,0
210.217,0,1
210.221,3,3
210.221,2,2
210.225,2,2
210.225,1,1
210.225,1,1
210.229,1,1
210.229,2,3
210.233,3,2
210.233,1,0
210.238,1,2
210.238,2,1
210.238,1,1
210.242,1,1
210.242,0,1
210.246,1,1
210.246,1,2
210.25,3,2
210.25,2,1
210.25,1,1
210.254,2,1
210.254,2,2
210.258,2,2
210.258,2,2
210.262,1,2
210.262,2,2
210.262,2,1
210.266,1,2
210.266,2,2
210.27,1,1
210.27,2,2
210.274,2,2
210.274,2,2
210.274,1,1
210.279,1,1
210.279,2,2
210.283,1,1
210.283,0,0
210.283,1,0
210.287,1,3
210.287,4,5
210.291,5,2
210.291,1,0
210.295,0,0
210.295,0,1
210.295,1,1
210.299,1,1
210.299,2,2
210.303,3,3
210.303,2,1
210.307,1,0
210.307,1,1
210.307,1,1
210.311,0,1
210.311,1,2
210.315,2,2
210.315,2,2
210.319,1,1
210.32,1,1
210.32,1,1
210.324,1,1
210.324,1,1
210.328,1,1
210.328,1,1
210.332,1,1
210.332,1,0
210.332,1,1
210.336,1,1
210.336,1,1
210.34,2,1
210.34,1,1
210.344,1,2
210.344,2,2
210.344,2,2
210.348,3,2
210.348,2,2
210.352,1,1
210.352,1,0
210.356,0,0
210.356,1,1
210.356,1,0
210.36,0,1
210.36,3,6
210.365,5,3
210.365,1,0
210.369,0,0
210.369,0,2
210.369,2,2
210.373,1,0
210.373,0,0
210.377,0,0
210.377,2,2
210.377,2,2
210.381,3,3
210.381,2,2
210.385,2,2
210.385,2,2
210.389,2,2
210.389,1,1
210.389,1,2
210.393,2,3
210.393,2,1
210.397,1,0
210.397,0,1
210.401,2,2
210.401,2,2
210.401,1,1
210.405,1,1
210.406,1,1
210.41,1,1
210.41,1,1
210.414,1,0
210.414,1,1
210.414,1,1
210.418,1,1
210.418,1,2
210.422,2,2
210.422,2,2
210.426,2,2
210.426,2,2
210.426,2,1
210.43,1,0
210.43,1,1
210.434,2,1
210.434,1,1
210.438,1,2
210.438,2,1
210.438,0,0
210.442,2,5
210.442,5,3
210.446,1,0
210.447,0,0
210.451,1,1
210.451,1,1
210.451,1,1
210.455,1,2
210.455,2,2
210.459,1,1
210.459,2,3
210.459,3,2
210.463,1,1
210.463,1,1
210.467,2,1
210.467,1,0
210.471,0,0
210.471,1,3
210.471,3,2
210.475,1,0
210.475,1,1
210.479,1,1
210.479,2,2
210.483,2,2
210.483,2,2
210.483,2,2
210.487,1,1
210.487,1,1
210.492,2,3
210.492,3,3
210.496,3,2
210.496,0,0
210.496,0,0
210.5,0,1
210.5,2,3
210.504,3,3
210.504,1,1
210.508,1,1
210.508,2,1
210.508,1,1
210.512,0,0
210.512,1,1
210.516,1,1
210.516,2,2
210.52,2,2
210.52,2,1
210.52,1,1
210.524,1,2
210.524,2,2
210.528,2,2
210.528,2,4
210.532,5,2
210.533,0,0
210.533,0,0
210.537,0,1
210.537,1,1
210.541,1,1
210.541,1,1
210.545,1,1
210.545,1,0
210.545,1,1
210.549,1,1
210.549,1,1
210.553,2,3
210.553,3,3
210.553,2,1
210.557,1,1
210.557,1,1
210.561,1,1
210.561,1,1
210.565,1,1
210.565,0,1
210.565,1,1
210.569,1,1
210.569,1,1
210.573,1,1
210.573,1,1
210.578,1,1
210.578,1,1
210.578,0,1
210.582,1,1
210.582,2,3
210.586,3,2
210.586,1,0
210.59,1,2
210.59,3,3
210.59,2,1
210.594,1,0
210.594,0,0
210.598,0,0
210.598,1,1
210.602,2,2
210.602,1,1
210.602,1,1
210.606,2,1
210.606,1,1
210.61,1,1
210.61,1,2
210.614,3,6
210.614,5,2
210.614,0,0
210.618,0,0
210.618,0,1
210.623,1,2
210.623,2,2
210.627,2,2
210.627,1,1
210.627,2,2
210.631,1,1
210.631,1,1
210.635,2,2
210.635,1,2
210.639,2,2
210.639,2,2
210.639,2,2
210.643,1,1
210.643,1,1
210.647,1,1
210.647,1,0
210.647,1,1
210.651,1,1
210.651,1,1
210.655,1,2
210.655,2,2
210.659,1,1
210.659,2,2
210.659,2,2
210.663,2,2
210.664,1,2
210.668,2,1
210.668,1,0
210.672,0,2
210.672,4,4
210.672,2,1
210.676,0,0
210.676,1,1
210.68,2,2
210.68,2,2
210.684,1,1
210.684,1,2
210.684,2,1
210.688,1,0
210.688,0,1
210.692,4,5
210.692,5,3
210.696,1,0
210.696,0,0
210.696,0,0
210.7,1,1
210.7,2,2
210.705,3,2
210.705,1,1
210.709,1,2
210.709,3,2
210.709,0,0
210.713,0,0
210.713,1,1
210.717,2,2
210.717,2,2
210.721,2,2
210.721,2,2
210.721,2,1
210.725,1,1
210.725,2,2
210.729,2,2
210.729,1,2
210.733,2,2
210.733,2,1
210.733,1,1
210.737,2,2
210.737,2,2
210.741,2,1
210.741,1,2
210.741,2,2
210.745,2,2
210.745,2,1
210.749,1,1
210.75,1,1
210.754,1,1
210.754,1,1
210.754,1,1
210.758,2,2
210.758,2,1
210.762,0,0
210.762,0,1
210.766,1,1
210.766,1,1
210.766,1,1
210.77,1,2
210.77,2,1
210.774,0,0
210.774,1,3
210.778,3,3
210.778,2,1
210.778,1,0
210.782,0,0
210.782,1,1
210.786,2,1
210.786,1,1
210.791,1,2
210.791,2,2
210.791,2,2
210.795,2,2
210.795,2,2
210.799,1,1
210.799,2,1
210.803,1,1
210.803,1,2
210.803,2,3
210.807,3,1
210.807,0,1
210.811,2,2
210.811,2,1
210.815,1,1
210.815,1,1
210.815,1,1
210.819,2,2
210.819,3,3
210.823,2,2
210.823,1,0
210.827,0,0
210.827,2,2
210.827,2,1
210.831,0,0
210.831,1,1
210.836,2,2
210.836,2,1
210.836,1,2
210.84,2,2
210.84,2,1
210.844,2,2
210.844,2,2
210.848,2,2
210.848,1,1
210.848,1,1
210.852,0,1
210.852,1,1
210.856,1,1
210.856,1,1
210.86,2,1
210.86,2,2
210.86,3,4
210.864,4,2
210.864,0,0
210.868,0,0
210.868,0,1
210.872,2,3
210.872,3,2
210.872,2,1
210.876,1,1
210.876,1,1
210.881,1,2
210.881,2,2
210.885,1,1
210.885,1,2
210.885,2,3
210.889,3,2
210.889,2,2
210.893,1,1
210.893,1,1
210.897,1,0
210.897,1,1
210.897,1,1
210.901,1,0
210.901,1,1
210.905,1,1
210.905,1,2
210.909,2,2
210.909,2,2
210.909,2,2
210.913,2,2
210.913,2,2
210.917,1,1
210.917,1,1
210.922,1,2
210.922,3,3
210.922,2,1
210.926,1,1
210.926,1,1
210.93,1,1
210.93,1,1
210.93,0,1
210.934,2,2
210.934,2,2
210.938,1,1
210.938,1,2
210.942,2,2
210.942,3,2
210.942,1,0
210.946,0,1
210.946,3,4
210.95,4,1
210.95,0,0
210.954,0,0
210.954,1,1
210.954,2,2
210.958,3,3
210.958,2,1
210.963,1,1
210.963,1,0
210.967,1,1
210.967,1,1
210.967,2,2
210.971,2,2
210.971,2,1
210.975,1,1
210.975,2,1
210.979,1,2
210.979,3,3
210.979,1,1
210.983,1,1
210.983,1,0
210.987,1,1
210.987,2,2
210.991,2,1
210.991,1,1
210.991,2,2
210.995,2,2
210.995,2,2
210.999,2,2
210.999,2,2
211.003,1,1
211.003,1,0
211.003,0,1
211.008,1,3
211.008,3,2
211.012,2,1
211.012,0,0
211.016,0,1
211.016,1,1
211.016,1,2
211.02,2,2
211.02,2,2
211.024,2,2
211.024,2,2
211.024,2,1
211.028,1,1
211.028,2,1
211.032,1,0
211.032,0,0
211.036,0,1
211.036,2,5
211.036,4,2
211.04,1,1
211.04,1,1
211.044,1,1
211.044,1,0
211.049,0,1
211.049,2,2
211.049,2,1
211.053,2,2
211.053,1,1
211.057,1,1
211.057,2,3
211.061,3,2
211.061,2,2
211.061,1,0
211.065,0,0
211.065,0,0
211.069,1,2
211.069,2,2
211.073,2,2
211.073,2,2
211.073,2,2
211.077,2,2
211.077,1,1
211.081,1,1
211.081,2,3
211.085,2,2
211.085,2,1
211.085,1,0
211.089,0,1
211.089,1,1
211.094,0,1
211.094,1,2
211.098,2,2
211.098,2,2
211.098,2,2
211.102,2,1
211.102,1,1
211.106,1,1
211.106,1,1
211.11,2,2
211.11,2,2
211.11,2,2
211.114,2,1
211.114,1,1
211.118,1,1
211.118,1,2
211.118,3,3
211.122,2,1
211.122,0,0
211.126,1,2
211.126,3,5
211.13,4,3
211.13,0,0
211.13,0,0
211.135,0,0
211.135,1,1
211.139,2,2
211.139,2,2
211.143,2,2
211.143,1,1
211.143,1,2
211.147,2,2
211.147,2,2
211.151,2,1
211.151,1,1
211.155,2,2
211.155,2,2
211.155,2,2
211.159,2,2
211.159,2,1
211.163,1,1
211.163,1,1
211.167,1,1
211.167,1,0
211.167,1,1
211.171,1,1
211.171,1,1
211.176,2,3
211.176,3,2
211.18,1,1
211.18,1,1
211.18,1,1
211.184,1,2
211.184,2,2
211.188,2,2
211.188,1,2
211.192,2,2
211.192,2,2
211.192,1,1
211.196,1,1
211.196,1,1
211.2,1,1
211.2,1,1
211.2,1,2
211.204,3,3
211.204,2,1
211.208,0,0
211.208,2,4
211.212,4,3
211.212,1,0
211.212,0,0
211.217,0,1
211.217,1,1
211.221,1,1
211.221,2,2
211.225,3,2
211.225,2,2
211.225,2,1
211.229,1,1
211.229,0,1
211.233,1,1
211.233,2,2
211.237,2,2
211.237,2,2
211.237,2,2
211.241,2,2
211.241,1,1
211.245,1,1
211.245,1,1
211.249,0,1
211.249,1,1
211.249,1,1
211.253,2,3
211.253,4,2
211.257,1,0
211.257,0,1
211.262,2,2
211.262,2,2
211.262,1,1
211.266,1,1
211.266,1,2
211.27,2,2
211.27,1,1
211.274,2,2
211.274,2,2
211.274,2,2
211.278,2,2
211.278,1,1
211.282,1,1
211.282,1,1
211.286,2,2
211.286,1,0
211.286,0,0
211.29,1,1
211.29,1,1
211.294,1,1
211.294,2,2
211.298,2,2
211.298,1,1
211.298,0,1
211.302,3,6
211.303,5,1
211.307,0,0
211.307,0,1
211.307,1,1
211.311,1,1
211.311,1,0
211.315,1,1
211.315,1,1
211.319,2,2
211.319,2,2
211.319,2,2
211.323,2,1
211.323,1,1
211.327,1,1
211.327,2,2
211.331,2,2
211.331,2,2
211.331,2,2
211.335,2,1
211.335,1,1
211.339,1,1
211.339,1,0
211.343,1,0
211.343,1,1
211.344,2,2
211.348,3,2
211.348,2,2
211.352,1,1
211.352,1,1
211.356,2,2
211.356,2,2
211.356,1,2
211.36,2,2
211.36,2,2
211.364,1,1
211.364,1,1
211.368,1,1
211.368,0,1
211.368,1,1
211.372,1,1
211.372,1,1
211.376,2,2
211.376,2,2
211.38,2,2
211.38,2,2
211.38,2,2
211.384,2,2
211.384,0,0
211.389,0,0
211.389,2,6
211.393,6,2
211.393,0,0
211.393,0,0
211.397,0,1
211.397,1,1
211.401,1,2
211.401,2,2
211.401,2,1
211.405,1,1
211.405,1,2
211.409,2,2
211.409,1,1
211.413,2,2
211.413,2,2
211.413,2,2
211.417,2,1
211.417,1,1
211.421,2,3
211.421,2,2
211.425,1,1
211.425,0,0
211.425,1,1
211.429,1,1
211.429,1,2
211.434,2,2
211.434,3,2
211.438,1,1
211.438,1,2
211.438,3,2
211.442,2,1
211.442,1,1
211.446,1,1
211.446,2,2
211.45,2,2
211.45,1,1
211.45,1,1
211.454,1,1
211.454,1,2
211.458,2,3
211.458,3,2
211.462,2,1
211.462,0,0
211.462,0,1
211.466,2,2
211.466,1,1
211.47,2,2
211.47,2,1
211.475,1,1
211.475,1,0
211.475,0,2
211.479,3,5
211.479,4,3
211.483,1,1
211.483,0,0
211.487,0,1
211.487,2,2
211.487,1,0
211.491,0,0
211.491,1,1
211.495,1,1
211.495,1,1
211.495,1,2
211.499,2,3
211.499,2,2
211.503,1,2
211.503,2,2
211.507,2,2
211.507,1,1
211.507,1,1
211.511,1,1
211.511,2,1
211.515,1,1
211.515,1,1
211.52,1,2
211.52,2,2
211.52,2,2
211.524,2,2
211.524,2,2
211.528,1,1
211.528,1,1
211.532,0,1
211.532,1,1
211.532,1,1
211.536,1,2
211.536,2,2
211.54,2,2
211.54,2,2
211.544,2,2
211.544,1,1
211.544,0,0
211.548,0,1
211.548,2,3
211.552,4,2
211.552,1,0
211.556,1,1
211.556,2,2
211.556,1,1
211.56,1,2
211.56,2,2
211.565,2,2
211.565,2,2
211.569,1,1
211.569,1,1
211.569,0,0
211.573,0,0
211.573,3,7
211.577,6,2
211.577,0,0
211.581,0,0
211.581,0,1
211.581,1,2
211.585,2,2
211.585,2,2
211.589,2,1
211.589,1,1
211.593,1,1
211.593,1,1
211.593,1,1
211.597,2,2
211.597,2,2
211.601,2,2
211.601,2,2
211.602,2,2
211.606,1,1
211.606,1,1
211.61,0,1
211.61,1,1
211.614,1,1
211.614,1,1
211.614,2,2
211.618,2,2
211.618,2,1
211.622,2,2
211.622,2,2
211.626,1,1
211.626,1,1
211.626,2,2
211.63,3,2
211.63,2,1
211.634,1,0
211.634,0,0
211.638,1,1
211.638,1,1
211.638,2,2
211.642,2,2
211.642,3,3
211.647,1,0
211.647,1,1
211.651,0,1
211.651,1,2
211.651,3,3
211.655,2,1
211.655,1,0
211.659,1,1
211.659,1,2
211.663,2,2
211.663,1,0
211.663,0,1
211.667,2,3
211.667,4,1
211.671,1,0
211.671,2,4
211.675,4,3
211.675,1,0
211.675,0,0
211.679,0,0
211.679,1,1
211.683,2,2
211.683,2,2
211.687,2,2
211.687,1,1
211.688,2,2
211.692,2,1
211.692,2,2
211.696,2,1
211.696,0,0
211.696,1,2
211.7,3,3
211.7,3,2
211.704,2,1
211.704,1,0
211.708,0,1
211.708,2,2
211.708,1,0
211.712,0,0
211.712,1,1
211.716,2,2
211.716,2,2
211.72,2,2
211.72,3,2
211.72,2,1
211.724,1,1
211.724,0,0
211.728,0,0
211.728,0,1
211.733,2,2
211.733,3,2
211.733,2,2
211.737,2,2
211.737,2,2
211.741,1,1
211.741,1,0
211.745,1,1
211.745,2,2
211.745,1,1
211.749,1,1
211.749,2,2
211.753,1,1
211.753,0,1
211.757,3,6
211.757,6,3
211.757,0,0
211.761,0,0
211.761,0,0
211.765,2,1
211.765,1,2
211.769,2,2
211.769,2,1
211.769,1,1
211.773,1,1
211.773,1,1
211.778,2,2
211.778,2,2
211.778,2,2
211.782,1,1
211.782,2,2
211.786,3,1
211.786,1,0
211.79,1,2
211.79,2,2
211.79,2,1
211.794,0,1
211.794,1,1
211.798,2,2
211.798,3,3
211.802,1,1
211.802,1,1
211.802,1,1
211.806,1,1
211.806,0,1
211.81,1,1
211.81,1,1
211.814,2,2
211.814,3,3
211.814,2,2
211.819,2,1
211.819,0,0
211.823,0,1
211.823,2,2
211.827,1,0
211.827,0,1
211.827,1,1
211.831,2,2
211.831,2,2
211.835,2,2
211.835,2,2
211.839,2,1
211.839,0,1
211.839,2,5
211.843,4,1
211.843,0,0
211.847,1,2
211.847,3,2
211.851,1,1
211.851,0,1
211.851,1,1
211.855,2,2
211.855,1,1
211.86,1,1
211.86,1,2
211.864,2,2
211.864,2,2
211.864,1,2
211.868,2,2
211.868,2,2
211.872,2,1
211.872,1,1
211.876,1,2
211.876,2,3
211.876,2,1
211.88,1,1
211.88,1,0
211.884,1,2
211.884,2,2
211.884,2,1
211.888,1,1
211.888,0,2
211.892,2,1
211.892,1,1
211.896,1,1
211.896,1,0
211.896,1,1
211.9,1,3
211.9,3,1
211.905,1,1
211.905,2,2
211.909,2,1
211.909,1,1
211.909,1,2
211.913,3,3
211.913,1,1
211.917,1,1
211.917,1,1
211.921,0,1
211.921,2,4
211.921,4,2
211.925,0,0
211.925,0,0
211.929,0,1
211.929,1,2
211.933,2,2
211.933,2,2
211.933,1,1
211.937,2,2
211.937,2,2
211.941,2,2
211.941,2,2
211.946,1,1
211.946,1,1
211.946,1,1
211.95,2,2
211.95,2,2
211.954,2,2
211.954,1,2
211.958,2,2
211.958,2,2
211.958,1,1
211.962,1,0
211.962,1,2
211.966,2,1
211.966,1,1
211.97,1,2
211.97,2,2
211.97,2,2
211.974,1,1
211.974,2,2
211.978,2,2
211.978,2,2
211.978,1,2
211.982,2,2
211.982,1,1
211.986,0,1
211.986,1,1
211.991,1,1
211.991,0,2
211.991,1,1
211.995,1,1
211.995,1,1
211.999,1,1
211.999,0,1
212.003,1,2
212.003,2,2
212.003,2,2
212.007,1,1
212.007,1,0
212.011,1,2
212.011,4,5
212.015,4,1
212.015,0,0
212.015,0,1
212.019,1,2
212.019,2,2
212.023,2,2
212.023,2,2
212.027,2,1
212.027,1,1
212.028,1,1
212.032,1,1
212.032,1,1
212.036,2,2
212.036,2,2
212.04,2,2
212.04,2,2
212.04,2,2
212.044,1,1
212.044,1,1
212.048,1,1
212.048,1,1
212.052,1,1
212.052,1,1
212.052,0,1
212.056,1,1
212.056,2,2
212.06,1,1
212.06,0,0
212.064,0,2
212.064,3,3
212.064,2,1
212.068,1,1
212.068,1,1
212.073,1,1
212.073,1,1
212.073,2,2
212.077,1,1
212.077,0,1
212.081,1,1
212.081,1,1
212.085,1,1
212.085,1,0
212.085,2,2
212.089,2,2
212.089,1,1
212.093,1,1
212.093,1,1
212.097,2,2
212.097,2,2
212.097,1,1
212.101,1,1
212.101,1,2
212.105,3,2
212.105,1,0
212.109,1,2
212.109,4,5
212.109,5,1
212.113,0,0
212.113,0,0
212.118,1,1
212.118,1,0
212.122,1,1
212.122,2,2
212.122,3,2
212.126,2,2
212.126,1,0
212.13,0,0
212.13,0,1
212.134,2,3
212.134,3,2
212.134,2,1
212.138,1,1
212.138,1,1
212.142,2,3
212.142,3,2
212.146,2,1
212.146,1,1
212.146,2,2
212.15,2,1
212.15,1,1
212.154,1,2
212.154,3,2
212.159,1,1
212.159,0,1
212.159,1,2
212.163,2,2
212.163,2,2
212.167,1,1
212.167,1,1
212.167,0,1
212.171,0,1
212.171,2,2
212.175,2,2
212.175,1,1
212.179,2,2
212.179,2,2
212.179,2,2
212.183,1,1
212.183,1,1
212.187,1,2
212.187,3,3
212.191,2,1
212.191,1,1
212.191,1,0
212.195,0,1
212.195,1,2
212.199,2,2
212.199,2,1
212.204,1,0
212.204,2,5
212.204,5,3
212.208,0,0
212.208,0,0
212.212,0,0
212.212,1,1
212.216,3,3
212.216,3,2
212.216,2,1
212.22,1,1
212.22,0,2
212.224,2,2
212.224,2,1
212.228,1,0
212.228,0,1
212.228,1,1
212.232,1,1
212.232,1,2
212.236,2,2
212.236,2,2
212.24,2,2
212.24,2,2
212.24,2,1
212.245,1,1
212.245,1,1
212.249,1,2
212.249,3,2
212.253,2,1
212.253,1,2
212.253,2,2
212.257,2,2
212.257,1,1
212.261,1,2
212.261,2,2
212.265,2,1
212.265,1,2
212.265,2,3
212.269,2,2
212.269,1,1
212.273,0,1
212.273,1,0
212.273,1,1
212.277,1,2
212.277,2,2
212.281,2,1
212.281,0,1
212.286,2,3
212.286,4,3
212.286,2,0
212.29,0,0
212.29,0,2
212.294,3,5
212.294,4,2
212.298,0,0
212.298,0,0
212.298,1,2
212.302,2,2
212.302,1,1
212.306,2,2
212.306,2,1
212.31,1,1
212.31,2,2
212.31,2,2
212.314,2,2
212.314,2,2
212.318,1,1
212.318,1,1
212.322,1,1
212.322,2,2
212.322,3,3
212.326,1,1
212.326,1,1
212.331,1,1
212.331,1,0
212.335,1,2
212.335,2,2
212.335,1,1
212.339,1,1
212.339,1,2
212.343,2,2
212.343,2,2
212.347,2,2
212.347,2,1
212.347,1,1
212.351,1,1
212.351,1,1
212.355,1,2
212.355,2,2
212.359,2,2
212.359,2,2
212.359,2,2
212.363,1,1
212.363,1,1
212.367,1,1
212.367,2,4
212.367,3,2
212.371,1,1
212.371,2,2
212.376,1,1
212.376,0,0
212.38,0,1
212.38,1,2
212.38,3,2
212.384,1,1
212.384,0,1
212.388,1,0
212.388,0,1
212.392,3,6
212.392,5,2
212.392,0,0
212.396,0,1
212.396,1,1
212.4,1,1
212.4,1,1
212.404,1,1
212.404,1,1
212.404,1,1
212.408,1,0
212.408,1,1
212.412,1,2
212.412,1,1
212.417,1,1
212.417,1,1
212.417,2,2
212.421,3,3
212.421,2,1
212.425,0,1
212.425,2,2
212.429,1,1
212.429,1,1
212.429,1,1
212.433,1,1
212.433,1,1
212.437,1,1
212.437,1,1
212.441,0,1
212.441,1,1
212.441,1,2
212.445,1,2
212.445,2,2
212.449,2,2
212.449,2,1
212.453,1,1
212.453,1,2
212.453,2,3
212.457,3,2
212.457,2,1
212.462,1,0
212.462,0,0
212.462,1,1
212.466,1,1
212.466,2,2
212.47,2,2
212.47,2,2
212.474,2,2
212.474,2,1
212.474,1,1
212.478,1,0
212.478,0,1
212.482,3,6
212.482,5,2
212.486,0,0
212.486,0,1
212.486,2,2
212.49,1,1
212.49,1,0
212.494,0,1
212.494,2,2
212.498,2,1
212.498,1,1
212.498,2,2
212.503,2,2
212.503,2,2
212.507,2,2
212.507,2,2
212.511,1,1
212.511,0,0
212.511,0,1
212.515,2,2
212.515,2,2
212.519,2,2
212.519,1,2
212.523,2,3
212.523,2,1
212.523,1,1
212.527,2,2
212.527,2,1
212.531,1,0
212.531,0,0
212.535,1,1
212.535,0,1
212.535,1,2
212.539,3,3
212.539,2,2
212.544,1,1
212.544,2,2
212.544,2,2
212.548,2,2
212.548,1,1
212.552,1,1
212.552,2,1
212.556,1,1
212.556,2,2
212.556,2,2
212.56,2,2
212.56,2,2
212.564,1,1
212.564,1,1
212.568,1,1
212.568,1,1
212.568,0,1
212.572,1,1
212.572,2,2
212.576,2,2
212.576,1,0
212.58,0,1
212.58,3,5
212.58,6,4
212.584,2,0
212.584,1,0
212.589,0,0
212.589,0,1
212.593,1,1
212.593,1,1
212.593,1,2
212.597,2,2
212.597,1,1
212.601,1,1
212.601,2,2
212.605,3,3
212.605,2,1
212.605,0,0
212.609,1,1
212.609,1,1
212.613,1,1
212.613,1,2
212.617,2,2
212.617,2,2
212.617,2,2
212.621,2,2
212.621,1,1
212.625,1,0
212.625,1,1
212.629,2,2
212.629,2,1
212.63,1,1
212.634,2,2
212.634,2,2
212.638,2,2
212.638,2,2
212.638,2,2
212.642,1,1
212.642,1,1
212.646,1,1
212.646,1,1
212.65,0,0
212.65,1,1
212.65,1,1
212.654,1,1
212.654,2,2
212.658,2,2
212.658,2,2
212.662,2,2
212.662,2,2
212.662,1,2
212.666,2,2
212.666,1,1
212.67,1,1
212.671,1,1
212.675,1,1
212.675,2,2
212.675,2,2
212.679,2,2
212.679,2,2
212.683,1,1
212.683,1,0
212.687,0,1
212.687,3,5
212.687,5,3
212.691,0,0
212.691,0,0
212.695,0,1
212.695,2,2
212.699,2,2
212.699,1,1
212.699,1,1
212.703,2,3
212.703,3,2
212.707,1,1
212.707,1,1
212.711,2,2
212.711,2,2
212.711,2,2
212.715,1,1
212.715,1,1
212.72,1,1
212.72,0,1
212.724,1,2
212.724,2,2
212.724,1,2
212.728,3,1
212.728,1,1
212.732,2,2
212.732,1,1
212.732,1,1
212.736,2,2
212.736,1,1
212.74,1,0
212.74,0,1
212.744,1,1
212.744,2,2
212.744,2,2
212.748,2,2
212.748,2,2
212.752,1,1
212.752,1,1
212.757,1,2
212.757,2,2
212.757,2,2
212.761,1,1
212.761,2,2
212.765,2,2
212.765,2,2
212.769,2,1
212.769,1,1
212.769,2,2
212.773,3,1
212.773,1,1
212.777,1,1
212.777,1,0
212.781,1,2
212.781,2,2
212.781,1,1
212.785,3,4
212.785,5,1
212.789,0,0
212.789,0,0
212.793,0,1
212.793,1,1
212.793,2,2
212.797,2,1
212.797,1,1
212.802,1,2
212.802,2,3
212.806,3,2
212.806,1,1
212.806,1,1
212.81,1,1
212.81,1,1
212.814,1,1
212.814,1,1
212.818,0,1
212.818,1,2
212.818,2,2
212.822,2,2
212.822,2,2
212.826,2,1
212.826,1,1
212.83,2,2
212.83,2,1
212.83,2,2
212.834,2,2
212.834,2,1
212.838,0,0
212.838,1,1
212.838,1,1
212.842,1,1
212.842,2,2
212.847,2,2
212.847,2,2
212.851,2,2
212.851,2,2
212.851,1,1
212.855,0,0
212.855,1,1
212.859,1,1
212.859,2,2
212.863,2,2
212.863,2,2
212.863,1,2
212.867,3,2
212.867,2,1
212.871,0,0
212.871,0,0
212.875,2,5
212.875,5,3
212.875,0,0
212.879,0,0
212.879,0,0
212.883,2,2
212.883,1,1
212.888,1,1
212.888,1,2
212.888,2,2
212.892,1,1
212.892,2,2
212.896,2,2
212.896,2,2
212.9,1,1
212.9,1,2
212.9,2,2
212.904,2,2
212.904,2,1
212.908,1,2
212.908,3,2
212.912,1,1
212.912,0,1
212.912,1,1
212.916,1,1
212.916,2,3
212.92,3,2
212.92,1,1
212.924,0,0
212.924,1,2
212.924,2,2
212.928,2,1
212.928,1,1
212.933,1,2
212.933,2,2
212.937,2,2
212.937,2,2
212.937,2,2
212.941,1,1
212.941,0,0
212.945,1,1
212.945,1,1
212.945,1,2
212.949,1,1
212.949,1,0
212.953,1,1
212.953,0,0
212.957,0,1
212.957,1,2
212.957,2,2
212.961,2,2
212.961,2,2
212.965,1,1
212.965,0,0
212.97,1,3
212.97,4,6
212.97,4,1
212.974,0,0
212.974,0,1
212.978,2,2
212.978,1,1
212.982,1,1
212.982,1,2
212.982,2,2
212.986,2,2
212.986,1,1
212.99,1,2
212.99,2,3
212.994,2,2
212.994,1,0
212.994,0,1
212.998,1,1
212.998,1,1
213.002,1,0
213.002,1,1
213.006,1,2
213.006,2,2
213.006,2,1
213.01,1,1
213.01,1,1
213.015,2,2
213.015,1,1
213.019,2,1
213.019,1,2
213.019,2,3
213.023,3,2
213.023,2,1
213.027,1,0
213.027,0,0
213.031,2,1
213.031,1,1
213.031,1,1
213.035,1,2
213.035,2,2
213.039,2,2
213.039,2,2
213.039,2,2
213.043,1,1
213.043,1,1
213.047,1,1
213.047,1,1
213.051,1,1
213.051,1,1
213.051,0,1
213.055,1,1
213.055,1,1
213.06,2,3
213.06,3,2
213.064,2,1
213.064,1,0
213.064,0,1
213.068,1,1
213.068,1,1
213.072,1,2
213.072,2,2
213.076,2,2
213.076,2,2
213.076,1,2
213.08,1,0
213.08,1,0
213.084,0,1
213.084,3,6
213.088,6,2
213.088,0,0
213.088,0,0
213.092,0,0
213.092,1,0
213.096,0,1
213.096,2,1
213.101,1,1
213.101,1,3
213.101,4,4
213.105,1,0
213.105,1,1
213.109,1,1
213.109,1,1
213.113,1,1
213.113,1,2
213.113,2,2
213.117,2,2
213.117,2,2
213.121,1,1
213.121,2,2
213.121,2,2
213.125,2,1
213.125,1,0
213.129,1,1
213.129,2,2
213.133,2,2
213.133,1,1
213.133,1,2
213.137,2,2
213.137,2,2
213.141,2,2
213.141,1,1
213.146,1,1
213.146,0,1
213.146,2,2
213.15,2,1
213.15,1,1
213.154,1,1
213.154,1,0
213.158,1,1
213.158,2,2
213.158,2,1
213.162,1,2
213.162,2,2
213.166,2,2
213.166,2,2
213.17,2,1
213.17,1,1
213.17,1,1
213.174,1,1
213.174,2,2
213.178,2,2
213.178,2,2
213.182,2,2
213.182,2,1
213.183,1,1
213.187,1,1
213.187,1,1
213.191,1,1
213.191,0,1
213.195,1,0
213.195,0,0
213.195,3,6
213.199,6,3
213.199,1,0
213.203,0,0
213.203,1,2
213.207,2,2
213.207,1,1
213.207,1,1
213.211,2,2
213.211,2,2
213.215,2,1
213.215,1,2
213.215,3,1
213.219,1,1
213.219,2,2
213.223,2,2
213.223,2,1
213.227,1,1
213.228,0,0
213.228,1,2
213.232,2,2
213.232,2,2
213.236,1,0
213.236,0,1
213.24,2,3
213.24,3,2
213.24,2,2
213.244,2,1
213.244,2,2
213.248,2,1
213.248,1,1
213.252,0,1
213.252,1,2
213.252,2,2
213.256,2,2
213.256,2,2
213.26,1,1
213.26,1,1
213.264,1,1
213.264,0,2
213.264,1,1
213.268,1,1
213.268,1,2
213.273,2,2
213.273,2,2
213.277,2,2
213.277,2,1
213.277,1,1
213.281,1,2
213.281,1,2
213.285,2,3
213.285,2,1
213.289,1,1
213.289,0,1
213.289,1,1
213.293,1,2
213.293,2,2
213.297,2,2
213.297,2,1
213.301,1,2
213.301,2,2
213.301,1,1
213.305,1,2
213.305,1,0
213.309,0,1
213.309,2,4
213.314,5,3
213.314,2,0
213.314,0,0
213.318,0,1
213.318,3,4
213.322,3,2
213.322,1,1
213.322,1,1
213.326,1,1
213.326,1,1
213.33,1,1
213.33,1,0
213.334,0,0
213.334,1,1
213.334,2,2
213.338,2,2
213.338,2,2
213.342,2,2
213.342,1,1
213.346,1,1
213.346,2,3
213.346,3,1
213.35,1,0
213.35,2,1
213.354,1,1
213.354,0,1
213.359,1,1
213.359,1,2
213.359,2,2
213.363,2,2
213.363,2,1
213.367,1,1
213.367,1,2
213.371,2,2
213.371,2,2
213.371,2,2
213.375,2,1
213.375,1,1
213.379,1,1
213.379,1,0
213.383,1,1
213.383,1,1
213.383,2,2
213.387,2,2
213.387,2,2
213.391,2,2
213.391,2,1
213.395,1,1
213.395,2,2
213.395,1,2
213.4,3,2
213.4,2,1
213.404,0,0
213.404,1,1
213.408,2,2
213.408,3,5
213.408,4,2
213.412,0,-1
213.412,0,0
213.416,1,2
213.416,2,2
213.416,2,2
213.42,2,2
213.42,2,2
213.424,1,1
213.424,1,1
213.428,1,1
213.428,1,1
213.428,1,1
213.432,1,2
213.432,2,2
213.436,2,2
213.436,2,2
213.441,2,2
213.441,2,1
213.441,1,1
213.445,1,1
213.445,2,2
213.449,2,2
213.449,1,2
213.453,2,2
213.453,2,2
213.453,1,1
213.457,1,1
213.457,0,1
213.461,1,2
213.461,2,2
213.465,2,2
213.465,1,1
213.465,1,1
213.469,1,1
213.469,1,1
213.473,1,2
213.473,2,2
213.477,2,2
213.477,2,2
213.477,2,2
213.481,1,1
213.481,1,1
213.486,1,1
213.486,1,1
213.49,2,1
213.49,0,0
213.49,0,0
213.494,0,1
213.494,2,3
213.498,2,2
213.498,3,3
213.502,3,1
213.502,1,0
213.502,1,1
213.506,1,2
213.506,2,2
213.51,2,2
213.51,2,4
213.51,4,1
213.514,0,0
213.514,0,0
213.518,1,1
213.518,1,1
213.522,1,1
213.522,1,1
213.522,1,1
213.526,1,1
213.526,0,1
213.531,1,1
213.531,1,0
213.535,0,2
213.535,3,2
213.535,2,2
213.539,2,2
213.539,2,3
213.543,2,1
213.543,1,0
213.547,0,1
213.547,2,2
213.547,1,1
213.551,2,2
213.551,2,2
213.555,1,1
213.555,2,2
213.559,2,2
213.559,2,1
213.559,1,2
213.563,2,3
213.563,2,1
213.567,1,1
213.567,1,1
213.572,0,0
213.572,0,0
213.572,1,2
213.576,2,3
213.576,3,2
213.58,2,1
213.58,1,1
213.584,1,1
213.584,1,1
213.584,1,1
213.588,1,1
213.588,1,1
213.592,1,1
213.592,1,1
213.592,0,1
213.596,2,2
213.596,2,2
213.6,1,1
213.6,1,2
213.604,2,3
213.604,2,2
213.604,1,1
213.608,1,1
213.608,1,1
213.613,1,1
213.613,0,1
213.617,1,1
213.617,0,0
213.617,0,0
213.621,1,2
213.621,4,5
213.625,4,2
213.625,0,0
213.629,0,0
213.629,1,1
213.629,1,2
213.633,2,2
213.633,2,2
213.637,1,1
213.637,1,1
213.641,1,1
213.641,1,2
213.641,1,1
213.645,2,2
213.645,2,2
213.649,1,1
213.649,1,2
213.653,2,2
213.653,3,1
213.653,1,1
213.658,1,2
213.658,2,2
213.662,1,1
213.662,0,0
213.666,0,1
213.666,1,1
213.666,2,2
213.67,2,2
213.67,2,1
213.674,1,1
213.674,1,1
213.678,2,2
213.678,2,2
213.678,2,3
213.682,2,2
213.682,2,1
213.686,0,0
213.686,0,1
213.69,1,1
213.69,1,1
213.69,1,1
213.694,1,1
213.694,1,1
213.699,1,1
213.699,2,2
213.699,3,3
213.703,3,2
213.703,1,1
213.707,0,0
213.707,1,1
213.711,1,2
213.711,2,2
213.711,2,1
213.715,1,1
213.715,1,2
213.719,2,2
213.719,1,1
213.723,1,1
213.723,2,2
213.723,3,3
213.727,2,1
213.727,0,0
213.731,0,0
213.731,2,5
213.735,6,3
213.735,1,0
213.735,0,0
213.739,1,2
213.739,2,2
213.744,2,2
213.744,1,1
213.748,1,0
213.748,1,1
213.748,1,2
213.752,2,2
213.752,2,1
213.756,1,1
213.756,2,1
213.76,1,1
213.76,1,2
213.76,2,2
213.764,2,2
213.764,3,2
213.768,1,1
213.768,1,1
213.772,1,1
213.772,1,1
213.772,1,1
213.776,1,0
213.776,0,1
213.78,2,2
213.78,2,2
213.785,2,1
213.785,1,1
213.785,0,1
213.789,1,2
213.789,2,2
213.793,3,2
213.793,1,1
213.793,1,1
213.797,1,1
213.797,1,0
213.801,1,0
213.801,1,1
213.805,2,2
213.805,2,2
213.805,1,1
213.809,1,2
213.809,2,2
213.813,2,2
213.813,2,2
213.817,1,2
213.817,2,2
213.817,2,2
213.821,1,1
213.821,1,1
213.825,1,1
213.825,1,1
213.83,2,1
213.83,1,1
213.83,1,2
213.834,2,2
213.834,1,0
213.838,0,0
213.838,0,1
213.842,1,1
213.842,2,1
213.842,2,3
213.846,4,5
213.846,4,1
213.85,0,0
213.85,0,0
213.854,1,0
213.854,0,1
213.854,1,2
213.858,3,4
213.858,3,1
213.862,0,0
213.862,1,1
213.866,1,2
213.866,2,2
213.866,2,1
213.871,1,2
213.871,2,2
213.875,2,2
213.875,2,2
213.879,1,1
213.879,2,2
213.879,1,1
213.883,1,1
213.883,1,1
213.887,1,1
213.887,1,1
213.891,1,1
213.891,1,1
213.891,1,0
213.895,1,1
213.895,1,2
213.899,2,2
213.899,1,1
213.899,1,1
213.903,1,2
213.903,2,2
213.907,2,2
213.907,2,2
213.912,2,2
213.912,2,1
213.912,1,1
213.916,1,1
213.916,2,2
213.92,2,2
213.92,2,2
213.924,2,1
213.924,1,1
213.924,1,1
213.928,2,2
213.928,2,1
213.932,1,1
213.932,2,3
213.936,3,1
213.936,0,1
213.936,1,1
213.94,2,2
213.94,2,2
213.944,2,2
213.944,1,0
213.948,0,0
213.948,0,0
213.948,2,4
213.952,4,4
213.952,2,1
213.957,1,1
213.957,1,2
213.961,2,2
213.961,2,2
213.961,2,1
213.965,1,1
213.965,0,0
213.969,0,1
213.969,1,2
213.973,2,2
213.973,2,1
213.973,1,2
213.977,2,2
213.977,2,2
213.981,2,2
213.981,1,1
213.985,1,0
213.985,1,2
213.985,3,1
213.989,1,1
213.989,0,1
213.993,1,1
213.993,1,2
213.993,2,2
213.997,2,2
213.997,2,2
214.002,2,2
214.002,1,1
214.006,1,1
214.006,1,1
214.006,1,1
214.01,1,1
214.01,0,1
214.014,1,1
214.014,1,1
214.018,1,1
214.018,0,1
214.018,1,1
214.022,2,2
214.022,3,2
214.026,1,0
214.026,1,0
214.03,0,1
214.03,1,2
214.03,2,2
214.034,2,2
214.034,2,1
214.038,1,2
214.038,2,2
214.043,2,2
214.043,1,1
214.043,1,1
214.047,1,2
214.047,2,2
214.051,2,2
214.051,2,1
214.055,1,1
214.055,1,1
214.055,0,0
214.059,1,3
214.059,3,4
214.063,4,3
214.063,1,0
214.067,0,0
214.067,1,1
214.067,1,1
214.071,1,1
214.071,1,0
214.075,1,0
214.075,0,0
214.079,1,2
214.079,2,3
214.079,3,3
214.083,3,2
214.084,2,1
214.088,1,1
214.088,1,2
214.088,2,2
214.092,2,2
214.092,2,1
214.096,1,1
214.096,0,1
214.1,1,0
214.1,1,1
214.1,2,3
214.104,3,2
214.104,2,1
214.108,1,1
214.108,0,0
214.112,1,2
214.112,2,2
214.112,2,1
214.116,1,1
214.116,1,0
214.12,0,1
214.12,1,2
214.125,2,2
214.125,2,2
214.125,2,2
214.129,2,2
214.129,2,1
214.133,1,1
214.133,1,1
214.137,0,1
214.137,1,2
214.137,3,2
214.141,1,1
214.141,0,1
214.145,2,2
214.145,1,1
214.149,1,1
214.149,0,0
214.149,2,2
214.153,3,5
214.153,4,2
214.157,0,0
214.157,0,1
214.161,1,1
214.161,1,2
214.161,1,1
214.165,0,0
214.165,2,1
214.17,1,1
214.17,1,1
214.174,1,1
214.174,1,1
214.174,2,2
214.178,2,2
214.178,2,2
214.182,2,3
214.182,2,2
214.182,2,1
214.186,1,0
214.186,0,0
214.19,1,1
214.19,1,2
214.194,2,2
214.194,2,1
214.194,1,1
214.198,2,2
214.198,2,3
214.202,2,1
214.202,1,1
214.206,1,1
214.206,1,1
214.206,0,1
