Program Time [s],data 0,data 1,data 2,data 3
142.883,0,2,4,1
142.884,0,3,3,2
142.885,1,3,3,2
142.885,1,2,1,0
142.886,1,1,1,1
142.886,2,1,1,1
142.887,3,1,0,2
142.887,3,0,0,3
142.888,4,0,0,4
142.889,5,0,0,3
142.889,5,1,0,3
142.89,4,1,1,5
142.89,6,3,3,6
142.892,7,4,4,6
142.892,7,4,3,5
142.892,5,4,3,3
142.893,4,3,3,3
142.893,3,4,3,3
142.894,4,6,4,2
142.894,3,4,4,1
142.895,2,2,2,0
142.895,0,2,2,0
142.896,1,2,1,0
142.897,1,3,3,2
142.897,2,2,1,0
142.898,1,0,0,0
142.898,0,-2,-2,1
142.899,3,0,0,3
142.899,4,2,2,4
142.9,4,2,3,5
142.901,5,4,5,6
142.901,5,7,8,6
142.902,5,6,6,4
142.902,2,4,3,1
142.903,1,3,3,2
142.903,2,3,3,2
142.904,5,5,1,2
142.905,6,6,0,-1
142.905,2,2,-1,-2
142.906,0,1,-1,-1
142.906,3,3,0,0
142.907,2,2,0,-1
142.907,1,0,-1,-1
142.908,0,0,-1,0
142.909,0,-1,0,2
142.909,2,0,0,3
142.91,2,0,2,7
142.91,6,2,5,9
142.911,9,6,6,9
142.911,10,9,7,7
142.912,9,10,6,4
142.913,5,6,4,1
142.913,2,4,3,1
142.914,1,2,2,1
142.914,0,1,1,0
142.915,0,0,0,0
142.915,1,1,1,1
142.916,0,0,1,1
142.917,1,2,2,1
142.917,3,3,2,3
142.918,5,4,2,3
142.918,3,2,0,2
142.919,3,2,1,1
142.92,2,1,1,2
142.92,1,1,2,3
142.921,3,3,3,3
142.921,6,9,7,4
142.922,6,8,6,2
142.922,2,5,4,1
142.923,1,2,2,0
142.924,0,2,1,0
142.924,0,1,1,0
142.925,0,0,0,0
142.925,0,-1,0,0
142.926,1,1,3,3
142.926,3,3,3,3
142.927,3,1,1,2
142.928,3,2,2,4
142.928,5,2,0,4
142.929,5,1,0,4
142.929,6,1,0,5
142.93,9,3,-1,5
142.93,12,5,-2,4
142.931,10,4,0,2
142.932,8,6,2,2
142.932,4,4,2,1
142.933,0,1,2,0
142.933,-1,0,3,3
142.934,1,3,5,4
142.934,2,4,5,3
142.935,2,3,4,2
142.936,0,2,3,2
142.936,2,3,4,3
142.937,3,3,2,3
142.937,5,3,1,2
142.938,5,2,-1,0
142.938,4,2,0,0
142.939,2,2,0,1
142.94,1,1,0,3
142.94,4,3,2,2
142.941,3,4,3,2
142.941,3,6,5,4
142.942,4,7,5,3
142.943,4,5,3,1
142.943,2,4,2,0
142.944,0,1,0,0
142.944,0,1,0,0
142.945,1,1,0,0
142.945,2,2,1,1
142.946,2,2,0,1
142.946,3,2,1,1
142.947,3,1,0,1
142.948,2,0,0,2
142.948,2,0,0,3
142.949,3,0,0,3
142.949,1,-1,1,6
142.95,3,0,4,9
142.951,9,5,5,9
142.951,10,7,5,7
142.952,8,7,6,6
142.952,6,6,5,4
142.953,4,5,4,2
142.953,2,3,3,0
142.954,0,2,1,0
142.955,0,1,0,0
142.955,1,1,0,0
142.956,2,3,1,2
142.956,7,6,2,1
142.957,6,6,0,0
142.957,3,1,-1,-2
142.958,0,-1,-2,-1
142.959,0,0,-1,0
142.959,2,0,0,2
142.96,2,1,0,3
142.96,5,4,3,5
142.961,7,7,7,5
142.961,6,8,7,4
142.962,5,7,6,2
142.963,2,4,4,1
142.963,1,5,3,1
142.964,1,2,1,0
142.964,0,1,0,-1
142.965,0,0,0,0
142.965,0,0,0,0
142.966,2,1,2,2
142.967,3,2,1,3
142.967,5,2,1,3
142.968,3,0,-1,2
142.968,4,0,0,3
142.969,5,1,1,4
142.969,6,2,2,5
142.97,6,2,1,4
142.971,4,1,1,5
142.971,4,3,5,6
142.972,7,7,7,7
142.972,6,6,6,5
142.973,5,5,5,4
142.973,3,4,3,1
142.974,2,1,1,1
142.975,3,3,1,0
142.975,1,2,0,-1
142.976,1,2,0,0
142.976,2,3,0,0
142.977,2,3,0,0
142.978,4,3,0,0
142.978,2,2,0,0
142.979,2,2,2,1
142.979,1,1,0,2
142.98,0,-2,-1,2
142.98,3,1,3,5
142.981,6,8,9,6
142.981,6,9,10,6
142.982,4,5,5,3
142.983,2,5,5,2
142.983,2,4,4,0
142.984,-1,0,0,0
142.984,-2,-2,-1,1
142.985,1,0,-1,1
142.986,3,1,0,1
142.986,3,1,0,1
142.987,3,0,0,3
142.987,3,0,0,4
142.988,5,1,0,4
142.988,6,2,0,4
142.989,7,2,1,4
142.99,7,2,1,4
142.99,6,3,2,5
142.991,6,4,3,5
142.991,5,4,3,4
142.992,4,5,5,3
142.992,3,4,5,2
142.993,2,4,4,2
142.994,1,3,4,2
142.994,2,3,2,0
142.995,1,2,1,0
142.995,2,2,0,2
142.996,7,6,0,1
142.996,8,7,0,0
142.997,6,4,-1,-2
142.998,2,1,-2,-1
142.998,0,0,-1,-1
142.999,1,0,0,1
142.999,2,2,2,2
143,3,3,3,2
143.001,2,2,3,3
143.001,2,5,7,5
143.002,4,7,8,5
143.002,5,7,7,4
143.003,4,7,6,4
143.003,6,7,3,1
143.004,6,6,0,-2
143.004,1,1,-2,-5
143.005,-3,-1,-2,-2
143.006,0,0,-2,0
143.006,0,-1,0,1
143.007,0,0,0,1
143.007,0,-1,1,3
143.008,1,-1,3,7
143.009,4,1,3,7
143.009,4,1,3,8
143.01,5,1,3,7
143.01,6,3,5,9
143.011,8,5,6,9
143.011,10,8,6,8
143.012,12,11,5,4
143.012,9,8,2,-1
143.013,2,3,0,-2
143.014,0,1,0,-2
143.014,-1,0,-1,-1
143.015,0,0,0,-1
143.015,1,3,0,1
143.016,4,3,1,1
143.017,3,3,1,1
143.017,1,1,0,1
143.018,3,2,0,0
143.018,2,1,0,0
143.019,1,1,1,1
143.019,2,0,2,2
143.02,0,0,2,2
143.021,-1,0,4,5
143.021,0,3,10,9
143.022,4,6,12,9
143.022,0,3,10,9
143.023,4,6,9,8
143.023,6,7,6,1
143.024,1,2,3,3
143.025,5,4,0,3
143.025,14,12,-2,1
143.026,17,15,-3,-5
143.026,8,8,-7,-12
143.027,-3,-2,-9,-12
143.027,-9,-8,-9,-8
143.028,-6,-6,-5,-2
143.029,-2,-5,-3,1
143.029,3,0,1,7
143.03,9,5,6,10
143.03,11,7,8,11
143.031,9,5,5,7
143.031,7,4,6,7
143.032,5,5,6,7
143.033,6,7,8,7
143.033,7,7,8,5
143.034,3,5,4,1
143.034,1,3,2,0
143.035,2,4,2,2
143.036,5,6,1,0
143.036,5,5,0,-3
143.037,-1,-3,-5,-5
143.037,-4,-5,-4,-1
143.038,-1,-2,-1,1
143.038,1,1,2,4
143.039,4,3,4,6
143.04,5,3,4,6
143.04,6,4,5,5
143.041,5,5,4,4
143.041,4,6,7,5
143.042,3,6,7,4
143.042,2,4,4,3
143.043,3,4,4,1
143.044,1,2,1,-1
143.044,-2,-1,0,0
143.045,0,0,0,2
143.045,3,3,2,3
143.046,7,8,2,2
143.046,8,7,1,0
143.047,3,1,-3,-3
143.048,-2,-3,-4,-2
143.048,-1,-4,-3,0
143.049,1,0,0,4
143.049,4,1,2,7
143.05,7,4,5,8
143.05,9,6,5,8
143.051,7,4,4,6
143.052,6,6,6,5
143.052,5,5,4,4
143.053,5,5,4,2
143.053,3,3,2,1
143.054,2,3,2,0
143.054,1,2,1,0
143.055,0,1,1,0
143.056,0,1,1,1
143.056,1,1,2,1
143.057,2,2,2,2
143.057,3,3,2,2
143.058,3,3,1,2
143.058,3,4,3,2
143.059,3,4,2,1
143.06,2,2,2,2
143.06,2,2,1,1
143.061,3,4,3,2
143.061,2,4,5,3
143.062,2,5,5,4
143.062,3,4,4,3
143.063,6,7,4,4
143.064,10,9,0,0
143.064,5,5,-1,-4
143.065,0,0,-2,-4
143.065,-2,-2,-3,-3
143.066,0,0,-1,0
143.066,1,1,0,1
143.067,1,0,0,3
143.068,3,0,1,4
143.068,2,0,0,4
143.069,2,-1,1,6
143.069,3,0,2,7
143.07,7,4,5,9
143.07,10,7,7,9
143.071,10,8,7,7
143.072,9,9,6,3
143.072,4,6,4,1
143.073,2,5,3,0
143.073,1,2,1,0
143.074,0,0,-1,-1
143.075,0,0,-1,0
143.075,0,0,0,0
143.076,1,1,0,1
143.076,1,1,2,2
143.077,2,2,3,4
143.077,4,4,2,2
143.078,3,2,1,2
143.079,3,2,1,1
143.079,3,3,2,3
143.08,3,2,2,3
143.08,3,2,2,4
143.081,6,5,5,3
143.081,6,8,5,2
143.082,4,4,3,1
143.083,0,0,0,0
143.083,0,1,1,0
143.084,0,2,3,1
143.084,-1,0,3,2
143.085,0,0,3,5
143.085,4,3,3,5
143.086,4,3,2,3
143.087,4,2,0,2
143.087,4,1,-1,2
143.088,6,3,-1,3
143.088,7,5,0,4
143.089,10,6,0,2
143.089,8,3,-3,0
143.09,2,0,-2,0
143.091,2,2,2,3
143.091,4,5,3,2
143.092,3,5,6,2
143.092,1,3,4,3
143.093,4,6,4,3
143.094,5,7,4,0
143.094,0,2,1,0
143.095,0,0,0,0
143.095,0,2,3,1
143.096,0,2,3,2
143.096,0,2,4,3
143.097,1,2,3,4
143.097,2,1,2,2
143.098,1,-2,0,4
143.099,4,0,1,5
143.099,7,5,3,7
143.1,11,9,3,5
143.1,10,7,1,1
143.101,6,6,3,0
143.102,1,5,3,0
143.102,-2,0,1,-1
143.103,0,4,3,0
143.103,0,3,4,1
143.104,0,1,1,0
143.104,-1,0,1,0
143.105,-1,0,1,0
143.106,-1,0,1,1
143.106,0,0,3,4
143.107,2,2,3,5
143.107,5,3,3,5
143.108,4,1,1,4
143.108,4,1,0,5
143.109,6,2,1,7
143.11,9,5,2,9
143.11,18,12,1,5
143.111,15,10,-1,-1
143.111,4,2,-2,-3
143.112,0,2,0,-1
143.112,0,1,0,0
143.113,0,2,1,0
143.114,1,3,3,1
143.114,2,4,4,2
143.115,1,3,4,3
143.115,3,4,3,1
143.116,2,3,1,0
143.117,1,2,2,1
143.117,0,1,1,1
143.118,0,0,3,4
143.118,2,0,2,3
143.119,2,1,1,3
143.119,3,2,2,4
143.12,5,3,3,5
143.121,5,5,5,5
143.121,7,8,6,4
143.122,6,7,5,2
143.122,2,3,3,0
143.123,1,4,3,0
143.123,0,2,2,0
143.124,0,0,0,-1
143.125,0,0,0,0
143.125,0,1,1,1
143.126,3,4,3,2
143.126,3,4,2,1
143.127,2,0,0,1
143.127,2,0,0,3
143.128,4,2,1,4
143.128,6,3,0,5
143.129,7,2,0,3
143.13,6,1,0,2
143.13,1,-1,0,3
143.131,2,0,1,4
143.131,3,3,5,7
143.132,5,6,7,8
143.133,7,7,8,6
143.133,5,5,5,5
143.134,4,4,3,4
143.134,5,6,3,1
143.135,3,4,0,-1
143.135,0,1,0,-1
143.136,-3,0,0,0
143.137,-4,-2,2,1
143.137,-2,-2,2,2
143.138,1,0,3,5
143.138,4,3,4,7
143.139,7,5,4,8
143.139,11,7,2,6
143.14,13,9,0,3
143.141,11,9,0,0
143.141,7,8,0,-1
143.142,3,6,1,-3
143.142,-1,1,-1,-4
143.143,-1,3,1,-3
143.143,-2,2,0,-2
143.144,0,2,1,0
143.145,0,2,0,0
143.145,0,0,0,0
143.146,0,0,0,0
143.146,0,0,1,3
143.147,2,1,3,5
143.147,3,0,3,7
143.148,4,0,2,8
143.149,5,0,0,8
143.149,8,3,3,10
143.15,16,10,4,9
143.15,14,10,4,5
143.151,7,5,2,2
143.152,2,3,2,0
143.152,0,0,0,0
143.153,-1,1,2,1
143.153,0,2,4,2
143.154,1,3,5,4
143.154,5,5,3,1
143.155,2,3,0,0
143.156,0,1,1,0
143.156,1,2,1,2
143.157,3,3,2,1
143.157,1,0,1,1
143.158,0,0,0,2
143.158,2,1,2,3
143.159,4,2,2,4
143.16,6,3,2,3
143.16,4,3,2,3
143.161,4,4,4,4
143.161,5,6,5,2
143.162,5,8,6,3
143.162,4,6,3,0
143.163,2,3,1,-1
143.164,-1,0,0,-2
143.164,-2,0,-1,-1
143.165,-1,0,0,0
143.165,1,2,3,3
143.166,2,3,3,3
143.166,3,2,2,2
143.167,3,0,0,3
143.168,4,1,0,4
143.168,8,6,2,4
143.169,7,3,1,3
143.169,3,0,-1,2
143.17,0,-2,-1,2
143.171,1,-1,0,6
143.171,6,3,3,8
143.172,9,7,7,8
143.172,9,9,7,6
143.173,7,7,5,4
143.173,3,3,3,1
143.174,1,2,1,0
143.174,0,2,2,1
143.175,1,2,2,1
143.176,3,3,2,1
143.176,2,3,2,0
143.177,1,2,1,-1
143.177,1,2,1,0
143.178,1,2,1,1
143.178,2,2,2,2
143.179,3,4,3,2
143.18,3,3,2,2
143.18,1,0,0,2
143.181,3,1,1,4
143.181,5,4,3,5
143.182,6,6,3,3
143.183,5,6,4,3
143.183,5,7,5,3
143.184,5,6,3,0
143.184,3,3,1,-1
143.185,0,1,-2,-3
143.185,-1,0,-2,-3
143.186,-1,0,0,0
143.187,1,1,1,2
143.187,4,1,0,2
143.188,1,-1,0,2
143.188,1,-2,0,3
143.189,2,0,3,6
143.189,3,1,5,9
143.19,5,2,6,8
143.191,5,3,7,8
143.191,5,4,8,8
143.192,5,6,9,7
143.192,4,6,7,7
143.193,8,8,6,6
143.193,10,9,1,3
143.194,16,13,-1,-3
143.195,8,6,-6,-9
143.195,-1,-1,-8,-10
143.196,-6,-3,-5,-7
143.196,-6,-3,-2,-4
143.197,-5,-1,1,0
143.197,-1,0,4,5
143.198,4,4,6,8
143.199,9,7,6,8
143.199,12,10,4,5
143.2,10,6,0,1
143.2,5,3,0,0
143.201,2,5,4,1
143.202,1,4,4,1
143.202,0,1,2,0
143.203,1,3,3,1
143.203,2,5,4,2
143.204,2,4,3,1
143.204,0,1,0,-1
143.205,-2,-2,0,0
143.205,0,-1,0,1
143.206,2,1,2,4
143.207,4,3,2,4
143.207,3,1,0,4
143.208,4,0,0,3
143.208,3,0,0,4
143.209,5,2,1,5
143.21,5,2,2,6
143.21,6,2,2,6
143.211,6,2,2,5
143.211,7,5,5,6
143.212,7,7,6,5
143.212,5,6,5,3
143.213,4,5,3,0
143.214,0,3,2,0
143.214,0,1,0,0
143.215,0,0,0,0
143.215,2,1,0,2
143.216,6,5,3,1
143.216,4,6,2,0
143.217,2,3,2,0
143.218,0,0,0,0
143.218,0,0,0,0
143.219,1,0,0,1
143.219,1,0,0,2
143.22,3,2,2,5
143.22,6,5,5,6
143.221,7,8,7,6
143.222,8,9,7,3
143.222,5,7,5,2
143.223,6,7,4,1
143.223,5,5,1,-3
143.224,0,1,-2,-4
143.224,-3,-1,-3,-3
143.225,-1,-1,-2,-1
143.226,0,0,0,0
143.226,1,1,1,3
143.227,2,0,0,3
143.227,3,0,0,4
143.228,4,0,1,4
143.228,4,0,1,5
143.229,4,0,1,6
143.23,4,0,3,7
143.23,6,3,5,9
143.231,7,5,6,9
143.231,9,7,7,7
143.232,7,7,5,4
143.232,4,6,5,2
143.233,2,5,5,1
143.234,0,2,1,0
143.234,0,0,0,-1
143.235,-1,0,0,0
143.235,0,1,1,0
143.236,3,3,2,3
143.236,6,5,2,2
143.237,6,4,0,0
143.238,4,2,0,0
143.238,1,1,-1,0
143.239,2,1,0,1
143.239,3,1,0,2
143.24,3,2,2,4
143.24,4,4,3,2
143.241,3,5,6,4
143.242,2,5,7,3
143.242,1,4,5,2
143.243,1,4,5,3
143.243,1,3,3,0
143.244,0,2,2,1
143.245,1,2,2,2
143.245,5,3,0,3
143.246,7,5,0,0
143.246,8,5,-1,0
143.247,5,2,-4,-2
143.247,0,-1,-4,-3
143.248,-3,-5,-2,0
143.249,-2,-4,0,4
143.249,2,-1,2,6
143.25,5,2,5,10
143.25,8,6,8,11
143.251,10,6,7,9
143.251,10,8,6,7
143.252,9,7,4,5
143.253,10,9,3,2
143.253,8,8,1,-1
143.254,2,3,0,-4
143.254,-3,-1,-2,-4
143.255,-4,-2,-1,-2
143.255,-1,0,0,1
143.256,4,5,3,4
143.257,9,9,3,2
143.257,4,2,0,-1
143.258,-1,-2,-1,0
143.258,-1,-3,-1,3
143.259,3,1,1,7
143.26,12,9,3,5
143.26,12,10,4,2
143.261,8,8,4,1
143.261,3,6,4,0
143.262,-2,2,3,0
143.262,-3,-1,1,-1
143.263,-2,0,1,2
143.263,0,1,3,3
143.264,1,1,2,2
143.265,2,0,2,2
143.265,1,0,1,3
143.266,4,3,4,6
143.266,6,4,3,7
143.267,8,4,1,3
143.268,5,1,-2,1
143.268,2,0,-1,1
143.269,2,0,0,2
143.269,2,0,0,3
143.27,3,1,0,4
143.27,4,1,3,5
143.271,5,4,6,6
143.272,7,8,9,8
143.272,7,7,6,5
143.273,4,5,4,3
143.273,4,4,2,1
143.274,2,3,0,0
143.274,5,5,0,-1
143.275,3,4,0,-2
143.276,0,2,0,-2
143.276,-1,0,0,-1
143.277,0,1,0,1
143.277,4,4,2,2
143.278,3,3,1,2
143.278,4,3,2,3
143.279,4,3,2,1
143.28,1,2,1,1
143.28,2,2,2,2
143.281,4,6,7,4
143.281,6,8,7,4
143.282,4,6,6,2
143.282,2,5,4,0
143.283,0,4,3,0
143.284,0,1,1,0
143.284,1,2,1,0
143.285,0,0,1,-1
143.285,-4,-2,0,0
143.286,-3,-2,2,2
143.286,0,0,2,6
143.287,5,2,2,9
143.288,13,7,3,7
143.288,11,4,0,3
143.289,5,0,-1,3
143.289,5,0,-1,3
143.29,6,2,0,3
143.29,6,3,1,4
143.291,5,4,3,5
143.292,6,6,5,5
143.292,4,5,4,2
143.293,2,4,3,1
143.293,1,3,3,2
143.294,3,5,4,3
143.294,3,4,2,0
143.295,2,2,0,0
143.296,5,4,0,0
143.296,3,4,0,-1
143.297,2,2,-1,0
143.297,1,0,-1,0
143.298,0,0,-1,0
143.299,2,1,0,2
143.299,3,3,2,4
143.3,5,4,4,5
143.3,6,5,5,5
143.301,6,7,6,3
143.301,2,5,5,2
143.302,2,4,4,1
143.303,1,4,5,0
143.303,0,2,3,0
143.304,-2,0,1,0
143.304,-2,-1,1,0
143.305,0,1,2,2
143.305,3,3,4,5
143.306,5,4,3,3
143.307,4,2,1,3
143.307,3,0,-1,2
143.308,1,-3,-3,3
143.308,6,0,-1,5
143.309,13,8,2,5
143.309,9,5,1,2
143.31,4,1,0,3
143.311,3,1,1,3
143.311,4,4,4,4
143.312,5,5,5,3
143.312,4,4,4,3
143.313,4,5,5,4
143.313,4,5,3,1
143.314,3,3,2,0
143.315,0,2,1,-1
143.315,0,1,0,0
143.316,0,0,0,1
143.316,2,1,0,1
143.317,2,2,1,2
143.317,2,1,1,1
143.318,2,3,3,3
143.319,4,4,4,4
143.319,4,3,2,4
143.32,5,2,1,2
143.32,4,3,1,2
143.321,6,7,5,4
143.321,6,8,6,2
143.322,3,5,4,0
143.323,0,3,3,0
143.323,0,2,2,-1
143.324,0,3,2,-2
143.324,-3,0,0,0
143.325,0,1,3,2
143.326,1,1,1,2
143.326,1,0,0,1
143.327,1,0,1,4
143.327,6,2,2,6
143.328,9,5,1,7
143.328,12,6,-1,2
143.329,8,2,-3,0
143.329,3,0,-2,1
143.33,2,-1,0,4
143.331,4,0,1,5
143.331,7,6,6,5
143.332,8,8,7,4
143.332,5,7,7,4
143.333,3,6,6,3
143.334,2,5,3,0
143.334,0,2,1,-1
143.335,-1,1,1,0
143.335,0,1,2,0
143.336,0,0,2,1
143.336,0,0,1,1
143.337,0,0,3,3
143.338,0,0,2,3
143.338,0,0,5,5
143.339,1,0,5,7
143.339,5,3,5,7
143.34,6,3,3,6
143.34,8,6,4,7
143.341,15,14,7,6
143.342,14,13,3,-1
143.342,4,6,-2,-4
143.343,2,3,-3,-5
143.343,3,3,-5,-8
143.344,-1,2,-3,-7
143.344,-4,0,-2,-4
143.345,-4,-1,-1,-3
143.346,-4,-2,0,0
143.346,-3,-3,1,2
143.347,1,0,3,6
143.347,4,2,5,8
143.348,6,2,4,9
143.348,6,2,4,9
143.349,8,3,3,9
143.35,9,4,3,8
143.35,9,4,3,7
143.351,10,6,3,6
143.351,8,6,3,4
143.352,5,4,2,1
143.353,3,2,0,0
143.353,2,3,2,0
143.354,3,5,2,0
143.354,3,5,1,-2
143.355,-1,0,0,-1
143.355,-2,0,0,0
143.356,0,1,2,1
143.357,0,1,1,1
143.357,1,0,1,2
143.358,3,2,2,3
143.358,4,3,2,4
143.359,4,2,2,3
143.359,3,1,2,3
143.36,4,3,2,4
143.361,6,7,5,5
143.361,7,9,6,3
143.362,3,5,4,0
143.362,0,2,3,0
143.363,-1,2,3,0
143.363,-1,2,3,1
143.364,0,1,1,0
143.365,1,1,0,1
143.365,2,1,0,2
143.366,5,5,2,4
143.366,7,6,1,2
143.367,6,3,-1,0
143.367,2,0,-3,-1
143.368,0,-1,-3,0
143.369,0,-1,0,2
143.369,1,-1,0,5
143.37,5,2,3,7
143.37,7,4,5,9
143.371,9,6,5,7
143.371,8,8,7,6
143.372,6,7,6,4
143.373,3,3,3,2
143.373,3,2,1,1
143.374,3,3,2,1
143.374,2,3,1,0
143.375,2,3,1,1
143.375,3,4,2,0
143.376,2,3,1,0
143.377,1,2,1,0
143.377,0,1,0,0
143.378,0,0,0,0
143.378,1,0,1,1
143.379,1,0,2,3
143.38,2,1,1,4
143.38,4,2,2,4
143.381,5,5,6,5
143.381,6,8,7,4
143.382,4,6,6,4
143.382,2,5,5,2
143.383,1,3,2,2
143.383,4,5,2,0
143.384,2,3,0,-1
143.385,-3,-1,0,-1
143.385,-3,-1,1,1
143.386,2,2,2,2
143.386,3,2,0,0
143.387,1,0,0,3
143.388,2,1,1,5
143.388,6,1,0,6
143.389,9,4,0,7
143.389,16,8,-1,4
143.39,15,9,-2,0
143.39,5,2,-2,0
143.391,1,0,-1,0
143.392,1,1,2,1
143.392,0,1,1,1
143.393,1,3,4,3
143.393,3,7,8,6
143.394,5,6,6,4
143.394,2,3,4,0
143.395,0,0,1,0
143.396,1,1,1,1
143.396,1,3,3,3
143.397,3,4,4,3
143.397,3,3,2,2
143.398,2,2,1,1
143.398,3,4,2,2
143.399,3,4,2,2
143.4,3,3,2,3
143.4,3,1,1,1
143.401,2,3,2,1
143.401,1,2,2,2
143.402,4,6,4,4
143.403,5,6,5,1
143.403,1,3,3,0
143.404,0,0,1,0
143.404,-2,1,2,0
143.405,0,1,3,2
143.405,1,1,3,2
143.406,2,1,1,3
143.406,4,2,0,4
143.407,9,5,0,4
143.408,10,5,-2,1
143.408,6,2,-2,0
143.409,2,0,-2,0
143.409,0,-3,-3,1
143.41,3,0,0,4
143.41,4,2,2,6
143.411,6,6,7,8
143.412,8,8,8,7
143.412,6,6,6,5
143.413,3,5,5,4
143.413,3,5,5,2
143.414,2,5,5,2
143.414,1,2,1,0
143.415,2,1,-1,-1
143.416,0,0,-1,-2
143.416,-1,0,0,0
143.417,0,1,1,3
143.417,3,3,3,4
143.418,5,4,2,4
143.419,5,4,2,3
143.419,4,2,0,1
143.42,4,2,0,2
143.42,4,4,3,4
143.421,8,9,6,4
143.421,7,10,6,1
143.422,3,6,2,-1
143.423,0,3,1,-2
143.423,-1,0,0,-1
143.424,-1,0,0,-1
143.424,-1,-2,-1,-1
143.425,-2,-5,-4,0
143.425,0,-2,0,5
143.426,5,4,6,8
143.427,7,5,5,6
143.427,5,2,3,6
143.428,5,2,1,5
143.428,6,2,0,4
143.429,4,1,1,4
143.429,4,1,1,5
143.43,5,4,4,5
143.431,5,4,2,4
143.431,6,6,4,4
143.432,5,5,4,3
143.432,4,5,3,2
143.433,2,5,4,1
143.433,3,4,3,0
143.434,1,3,1,0
143.435,0,2,1,0
143.435,0,0,0,0
143.436,0,1,1,0
143.436,0,1,2,2
143.437,2,0,1,2
143.437,2,1,2,3
143.438,4,2,2,6
143.439,7,5,2,6
143.439,11,8,2,4
143.44,11,7,0,0
143.44,6,5,0,0
143.441,4,7,3,0
143.441,2,5,2,-1
143.442,0,2,1,-2
143.443,-2,3,2,-1
143.443,-2,1,3,0
143.444,-1,2,4,1
143.444,0,0,3,1
143.445,0,-1,0,2
143.445,1,0,1,4
143.446,5,3,1,5
143.447,7,3,0,4
143.447,6,2,0,4
143.448,5,0,0,4
143.448,5,0,0,3
143.449,5,0,0,3
143.449,3,0,2,4
143.45,3,1,4,6
143.451,3,3,6,8
143.451,5,6,8,7
143.452,5,5,6,6
143.452,5,5,5,5
143.453,7,7,5,5
143.454,12,10,2,0
143.454,8,8,-1,-4
143.455,0,0,-4,-6
143.455,-2,-1,-3,-3
143.456,-2,0,-1,-1
143.456,-1,-1,0,0
143.457,1,0,0,2
143.458,3,2,2,4
143.458,5,4,3,4
143.459,5,4,3,3
143.459,4,3,2,3
143.46,4,3,3,3
143.46,4,5,6,3
143.461,5,8,7,4
143.462,5,7,6,2
143.462,2,5,2,0
143.463,0,3,1,0
143.463,0,2,1,-1
143.464,0,2,2,0
143.465,0,1,1,0
143.465,-1,0,1,0
143.466,-1,0,1,1
143.466,0,0,2,2
143.467,0,-1,0,3
143.467,0,-3,0,5
143.468,3,-1,1,7
143.469,7,1,2,9
143.469,12,6,4,9
143.47,13,7,3,7
143.47,11,8,4,5
143.471,9,6,2,3
143.471,10,8,2,0
143.472,5,6,1,-2
143.473,0,0,0,-2
143.473,-2,0,0,0
143.474,0,1,1,0
143.474,0,1,0,0
143.475,2,2,1,1
143.475,3,4,3,3
143.476,6,7,4,3
143.477,5,8,5,1
143.477,1,3,2,0
143.478,0,0,0,0
143.478,0,0,0,1
143.479,1,1,0,1
143.479,1,0,0,1
143.48,0,0,3,5
143.481,3,3,6,7
143.481,5,6,8,7
143.482,4,4,5,7
143.482,5,5,5,5
143.483,7,8,6,6
143.483,9,10,5,3
143.484,8,9,1,-2
143.485,1,2,-4,-7
143.485,-4,-2,-5,-5
143.486,-3,-3,-3,-3
143.486,-3,-3,-3,-1
143.487,0,-3,-1,2
143.487,3,1,2,6
143.488,5,3,2,6
143.489,5,2,3,7
143.489,6,3,4,8
143.49,7,4,4,7
143.49,7,6,5,6
143.491,6,5,6,6
143.491,5,6,5,4
143.492,2,3,3,2
143.493,0,0,1,1
143.493,0,1,3,2
143.494,2,5,6,3
143.494,0,3,5,2
143.495,-1,0,3,3
143.495,3,2,0,4
143.496,9,8,1,0
143.497,3,2,0,0
143.497,0,0,-1,1
143.498,5,3,0,2
143.498,8,5,0,3
143.499,12,7,-2,0
143.5,8,4,-3,-2
143.5,2,1,-1,-2
143.501,1,4,3,0
143.501,2,5,5,1
143.502,1,6,6,1
143.502,0,5,6,2
143.503,0,3,4,0
143.504,0,0,1,0
143.504,0,1,0,0
143.505,0,0,0,1
143.505,2,3,3,4
143.506,5,4,4,4
143.506,4,2,1,2
143.507,1,0,0,2
143.508,1,-1,-1,3
143.508,4,0,1,6
143.509,6,2,2,7
143.509,6,1,2,6
143.51,6,2,2,6
143.51,7,3,2,6
143.511,7,6,6,7
143.512,8,8,7,6
143.512,6,6,4,2
143.513,3,4,1,0
143.513,1,1,0,-1
143.514,0,1,0,0
143.514,0,1,2,1
143.515,0,1,1,1
143.516,1,1,1,0
143.516,0,1,1,2
143.517,2,3,3,3
143.517,4,4,3,3
143.518,3,2,2,1
143.519,1,2,2,3
143.519,2,1,1,3
143.52,3,2,2,3
143.52,4,4,4,4
143.521,6,9,8,6
143.521,7,8,6,2
143.522,4,6,2,0
143.523,1,4,2,-1
143.523,1,3,0,-1
143.524,1,1,-2,-3
143.524,-1,-1,-3,-2
143.525,0,0,-1,0
143.525,1,0,1,2
143.526,4,2,2,3
143.527,4,3,2,5
143.527,6,3,1,4
143.528,5,1,1,4
143.528,5,1,0,4
143.529,5,1,0,3
143.529,4,1,1,4
143.53,4,3,4,6
143.53,6,4,4,6
143.531,5,5,5,5
143.532,3,4,4,3
143.532,2,3,4,3
143.533,2,2,3,4
143.533,2,3,4,5
143.534,7,6,2,3
143.535,8,6,1,-1
143.535,4,4,0,-1
143.536,2,3,0,-1
143.536,0,1,0,0
143.537,0,0,0,0
143.537,1,1,0,1
143.538,1,0,0,1
143.539,1,0,0,3
143.539,2,1,1,4
143.54,4,2,2,4
143.54,6,7,5,6
143.541,12,14,9,5
143.541,9,11,5,0
143.542,3,5,1,-2
143.543,-1,1,0,-4
143.543,-4,-1,-1,-3
143.544,-4,-2,0,0
143.544,2,3,2,3
143.545,6,6,4,2
143.545,2,2,1,0
143.546,0,0,0,1
143.547,0,-1,0,3
143.547,2,0,1,5
143.548,5,2,3,6
143.548,6,2,1,6
143.549,6,2,0,5
143.549,6,2,1,5
143.55,6,2,2,6
143.551,7,4,4,7
143.551,9,8,6,5
143.552,5,5,5,3
143.552,3,4,3,1
143.553,1,3,2,1
143.554,1,3,2,0
143.554,0,2,2,0
143.555,0,1,0,0
143.555,1,1,1,0
143.556,1,2,2,2
143.556,3,3,2,2
143.557,3,2,2,1
143.557,1,1,0,0
143.558,0,0,0,2
143.559,1,1,2,3
143.559,2,0,2,5
143.56,4,2,3,4
143.56,4,4,6,5
143.561,5,6,8,6
143.561,6,8,7,6
143.562,9,11,6,4
143.563,10,11,2,-1
143.563,4,6,0,-3
143.564,2,3,-3,-7
143.564,-3,-1,-5,-8
143.565,-5,-3,-4,-5
143.566,-2,-2,-2,-2
143.566,-1,-2,0,0
143.567,0,-2,0,4
143.567,1,-2,1,5
143.568,2,-1,3,9
143.568,5,0,3,11
143.569,9,3,6,13
143.57,14,9,7,14
143.57,19,14,6,10
143.571,18,13,3,3
143.571,8,7,0,-1
143.572,2,3,-1,-2
143.572,0,0,-2,-4
143.573,-5,-3,-3,-4
143.574,-5,-4,-3,-1
143.574,-2,-2,0,3
143.575,3,2,4,6
143.575,6,9,8,5
143.576,6,8,7,4
143.576,2,3,3,1
143.577,0,0,1,2
143.578,1,1,2,2
143.578,1,0,1,2
143.579,1,1,1,3
143.579,3,2,2,4
143.58,4,3,4,5
143.581,7,8,6,4
143.581,6,8,7,3
143.582,4,7,3,1
143.582,7,9,3,0
143.583,3,6,2,-2
143.583,0,1,0,-4
143.584,-3,0,-2,-5
143.585,-4,-2,-2,-3
143.585,-1,0,0,0
143.586,0,1,2,4
143.586,3,2,2,4
143.587,3,0,0,3
143.587,3,0,0,4
143.588,5,0,1,7
143.589,7,2,3,7
143.589,6,3,3,7
143.59,7,3,2,7
143.59,9,6,3,7
143.591,10,8,4,6
143.591,9,10,5,3
143.592,6,7,3,0
143.593,3,4,1,-2
143.593,-1,0,0,-3
143.594,-2,0,0,-1
143.594,-2,-1,0,0
143.595,0,0,1,2
143.595,1,2,3,4
143.596,3,1,2,4
143.597,3,2,3,6
143.597,8,6,3,6
143.598,10,8,3,2
143.598,3,1,0,0
143.599,0,-1,-1,0
143.599,0,0,1,2
143.6,3,4,4,4
143.601,6,9,7,5
143.601,7,9,6,3
143.602,5,8,4,0
143.602,5,6,2,-1
143.603,2,4,0,-3
143.603,-1,1,-1,-4
143.604,-3,0,0,-2
143.605,-1,0,0,0
143.605,1,1,0,0
143.606,1,0,0,0
143.606,1,0,0,2
143.607,2,1,2,5
143.607,5,1,3,6
143.608,4,0,2,6
143.609,4,0,1,6
143.609,6,1,1,7
143.61,9,4,3,8
143.61,10,6,5,7
143.611,8,7,5,5
143.612,6,5,3,2
143.612,3,3,2,1
143.613,1,3,3,2
143.613,1,3,2,1
143.614,1,1,0,0
143.614,-1,0,0,0
143.615,0,0,1,2
143.616,2,3,4,4
143.616,4,5,4,3
143.617,3,3,2,1
143.617,1,2,1,2
143.618,3,2,0,2
143.618,5,4,1,2
143.619,4,2,0,2
143.619,4,2,0,2
143.62,3,2,1,3
143.621,7,7,4,3
143.621,7,9,5,1
143.622,4,8,5,0
143.622,1,5,3,0
143.623,0,2,1,-2
143.624,-2,0,0,-3
143.624,-4,-1,0,-1
143.625,-1,0,1,1
143.625,1,1,3,3
143.626,3,2,3,4
143.626,2,0,1,3
143.627,3,0,0,4
143.628,4,0,0,5
143.628,7,2,1,7
143.629,9,5,2,8
143.629,11,5,1,4
143.63,6,3,0,3
143.63,5,2,1,3
143.631,6,5,4,4
143.632,6,7,6,4
143.632,6,7,5,2
143.633,4,6,4,0
143.633,2,3,2,-1
143.634,0,1,0,-1
143.634,0,0,0,-1
143.635,-1,1,1,0
143.636,0,1,2,1
143.636,0,2,2,1
143.637,1,1,3,3
143.637,1,1,3,3
143.638,2,2,2,3
143.638,3,2,4,5
143.639,6,4,3,5
143.64,5,4,3,3
143.64,3,3,3,2
143.641,2,4,4,4
143.641,4,6,5,5
143.642,8,9,5,1
143.642,4,7,4,0
143.643,0,4,2,-2
143.644,-2,1,1,-1
143.644,-1,0,0,-1
143.645,1,1,-1,1
143.645,8,7,1,0
143.646,7,6,0,-1
143.647,1,-1,-4,-2
143.647,-1,-4,-5,0
143.648,0,-2,-2,1
143.648,2,0,0,4
143.649,5,2,3,8
143.649,8,4,4,9
143.65,8,3,4,9
143.651,7,1,2,7
143.651,7,3,3,7
143.652,9,6,4,6
143.652,7,7,6,6
143.653,6,7,6,4
143.653,3,3,2,0
143.654,0,1,1,-1
143.655,-2,0,0,0
143.655,-2,0,2,1
143.656,0,1,1,2
143.656,1,2,2,2
143.657,2,3,2,2
143.657,3,3,2,3
143.658,4,3,2,3
143.659,3,2,2,2
143.659,1,0,1,2
143.66,3,2,1,3
143.66,7,9,7,5
143.661,7,9,6,3
143.661,6,7,4,2
143.662,6,8,2,-1
143.663,5,6,0,-5
143.663,-2,0,-4,-6
143.664,-5,-2,-2,-3
143.664,-3,-2,-1,-1
143.665,-1,-1,0,1
143.665,3,3,2,6
143.666,9,7,3,5
143.667,8,5,1,3
143.667,4,0,-1,1
143.668,1,-2,-1,2
143.668,2,0,0,3
143.669,3,0,1,6
143.67,5,2,5,9
143.67,7,5,7,9
143.671,7,5,5,7
143.671,6,5,6,6
143.672,5,5,5,4
143.672,4,4,4,3
143.673,5,6,5,3
143.673,5,6,3,0
143.674,2,1,-1,-2
143.675,0,0,0,-1
143.675,0,1,0,0
143.676,0,2,2,1
143.676,1,2,1,1
143.677,1,1,1,1
143.678,1,1,0,1
143.678,1,2,2,4
143.679,5,4,3,4
143.679,4,3,2,4
143.68,6,5,3,4
143.68,8,10,6,3
143.681,5,7,5,2
143.682,3,6,3,0
143.682,1,4,3,-1
143.683,1,2,0,-2
143.683,-1,-1,-4,-1
143.684,0,0,-1,-1
143.684,1,2,1,0
143.685,1,2,3,2
143.686,1,1,3,3
143.686,1,0,2,3
143.687,1,0,1,5
143.687,4,1,2,5
143.688,6,2,1,4
143.688,4,0,1,5
143.689,5,0,0,6
143.69,6,1,1,7
143.69,8,3,2,6
143.691,8,6,5,6
143.691,8,7,6,5
143.692,6,7,5,4
143.693,5,6,3,1
143.693,3,3,1,-1
143.694,0,1,0,-2
143.694,-2,0,0,-1
143.695,-1,0,2,1
143.695,0,1,2,2
143.696,1,2,2,1
143.696,2,2,2,2
143.697,3,3,3,6
143.698,9,7,3,6
143.698,11,9,1,1
143.699,6,4,-2,-2
143.699,0,0,-2,-1
143.7,0,0,0,0
143.7,0,3,4,2
143.701,1,4,5,2
143.702,0,4,6,3
143.702,1,4,6,3
143.703,4,6,5,6
143.703,12,11,3,1
143.704,7,7,-1,-3
143.705,-1,0,-3,-4
143.705,-3,-2,-2,-2
143.706,-1,-1,0,0
143.706,0,-1,0,0
143.707,1,0,0,3
143.707,4,1,1,6
143.708,6,2,2,7
143.709,6,1,2,6
143.709,3,0,0,6
143.71,4,0,2,7
143.71,7,4,6,9
143.711,9,8,8,10
143.711,9,9,7,6
143.712,6,7,4,2
143.713,1,3,2,0
143.713,0,3,2,1
143.714,1,3,2,0
143.714,1,1,1,0
143.715,0,0,0,-1
143.715,0,1,0,0
143.716,1,1,1,1
143.717,1,1,0,1
143.717,1,0,0,2
143.718,1,0,0,3
143.718,3,0,1,4
143.719,4,1,3,6
143.719,6,3,4,6
143.72,8,6,5,6
143.721,10,11,8,5
143.721,8,10,6,2
143.722,4,8,4,0
143.722,3,7,3,-1
143.723,1,5,1,-4
143.723,0,3,-2,-5
143.724,-3,0,-3,-6
143.725,-5,-2,-3,-3
143.725,-1,0,0,0
143.726,0,0,1,2
143.726,2,1,0,3
143.727,3,2,1,5
143.727,5,1,1,5
143.728,5,0,0,6
143.729,6,-1,0,6
143.729,6,0,0,7
143.73,9,4,4,9
143.73,10,7,7,9
143.731,11,9,7,7
143.731,7,7,6,3
143.732,3,4,3,1
143.733,1,2,1,0
143.733,2,3,2,0
143.734,0,1,0,-1
143.734,0,0,0,0
143.735,0,0,0,0
143.736,1,1,1,2
143.736,2,2,1,3
143.737,3,2,2,3
143.737,3,2,1,2
143.738,3,2,3,3
143.738,4,3,2,3
143.739,4,3,2,3
143.74,5,3,2,3
143.74,5,6,4,2
143.741,4,7,7,3
143.741,3,6,5,0
143.742,0,4,3,0
143.742,0,4,2,-1
143.743,-1,1,0,-1
143.744,-1,0,0,0
143.744,0,0,0,0
143.745,2,2,1,0
143.745,3,2,1,2
143.746,2,2,2,3
143.746,3,0,0,3
143.747,4,2,2,4
143.748,3,1,0,3
143.748,2,-1,-1,4
143.749,5,0,-2,6
143.749,9,3,0,7
143.75,9,4,1,5
143.75,8,4,4,6
143.751,5,5,5,6
143.752,4,4,5,4
143.752,4,4,5,3
143.753,2,2,3,2
143.753,2,3,3,2
143.754,3,4,3,1
143.755,2,3,3,1
143.755,5,6,2,3
143.756,8,7,0,0
143.756,4,4,0,-2
143.757,0,0,-2,-3
143.757,0,0,-1,-2
143.758,-1,0,0,0
143.758,-1,-2,0,1
143.759,0,-3,-1,4
143.76,5,1,1,6
143.76,9,9,8,8
143.761,10,13,11,7
143.761,8,13,11,4
143.762,5,9,7,1
143.763,2,5,2,-1
143.763,-1,0,-2,-6
143.764,-5,-2,-3,-4
143.764,-5,-3,-1,-1
143.765,-2,0,2,1
143.765,1,3,5,3
143.766,0,0,3,4
143.767,1,-2,0,6
143.767,7,1,0,8
143.768,13,7,1,5
143.768,7,2,0,3
143.769,4,0,0,4
143.769,2,0,1,4
143.77,1,-1,1,6
143.771,5,3,5,8
143.771,9,9,9,8
143.772,8,9,7,6
143.772,6,6,5,4
143.773,6,6,2,3
143.773,9,7,0,0
143.774,5,4,-2,-4
143.775,1,1,-3,-5
143.775,-2,-1,-3,-3
143.776,-2,-2,-3,-2
143.776,-2,0,0,0
143.777,0,1,3,4
143.777,3,3,5,7
143.778,7,5,5,5
143.779,5,5,4,3
143.779,3,3,3,2
143.78,2,3,4,4
143.78,4,8,7,5
143.781,6,9,7,3
143.782,4,7,5,0
143.782,0,4,3,-2
143.783,-2,3,3,-1
143.783,-1,2,2,0
143.784,0,2,2,0
143.784,-1,-1,-1,-2
143.785,-1,-2,-1,0
143.786,1,0,0,4
143.786,5,0,0,5
143.787,6,0,-2,3
143.787,5,0,-1,4
143.788,4,0,0,6
143.788,6,1,2,8
143.789,10,5,3,9
143.789,12,7,3,6
143.79,8,4,2,4
143.791,5,3,2,3
143.791,5,4,2,3
143.792,3,4,3,3
143.792,4,6,4,2
143.793,2,4,2,1
143.794,1,2,1,0
143.794,0,1,0,0
143.795,1,2,1,0
143.795,2,4,3,1
143.796,3,4,2,1
143.796,1,2,1,1
143.797,0,0,-1,0
143.798,1,-1,-1,1
143.798,2,0,0,4
143.799,6,5,3,6
143.799,7,6,4,5
143.8,5,5,3,2
143.8,4,5,5,2
143.801,1,4,4,1
143.802,0,3,5,2
143.802,2,5,5,1
143.803,1,4,4,0
143.803,-1,1,2,0
143.804,-1,1,2,0
143.804,-1,1,3,2
143.805,1,1,1,2
143.806,3,2,0,1
143.806,0,0,0,0
143.807,0,-2,0,3
143.807,2,0,0,6
143.808,6,1,2,8
143.808,10,4,1,8
143.809,13,7,1,7
143.81,15,9,0,4
143.81,11,7,0,1
143.811,7,6,0,0
143.811,2,3,0,-1
143.812,0,0,0,0
143.813,0,1,2,0
143.813,0,2,3,1
143.814,0,3,3,1
143.814,0,1,3,2
143.815,1,2,2,2
143.815,3,4,4,4
143.816,3,4,4,3
143.817,4,3,2,2
143.817,2,1,1,1
143.818,0,0,1,1
143.818,1,0,1,3
143.819,3,1,2,5
143.819,5,3,2,5
143.82,6,4,2,5
143.821,8,8,6,6
143.821,8,9,6,5
143.822,9,10,4,0
143.822,7,10,2,-1
143.823,3,5,-1,-6
143.823,-1,1,-2,-6
143.824,-5,-2,-3,-6
143.825,-7,-3,-2,-3
143.825,-4,0,1,1
143.826,0,1,3,4
143.826,1,0,2,4
143.827,3,0,1,6
143.827,6,0,1,8
143.828,12,5,0,6
143.829,8,1,0,5
143.829,5,0,2,7
143.83,7,3,3,6
143.83,6,2,3,5
143.831,7,7,7,7
143.831,8,10,8,6
143.832,6,7,5,2
143.833,2,3,3,0
143.833,-1,0,0,-1
143.834,-3,0,0,-1
143.834,-1,0,1,0
143.835,0,1,3,2
143.835,1,1,3,2
143.836,1,2,3,3
143.837,2,1,1,3
143.837,3,2,1,3
143.838,4,4,3,5
143.838,5,4,2,3
143.839,4,2,0,1
143.839,3,2,0,2
143.84,6,5,3,4
143.841,7,10,7,4
143.841,6,9,5,1
143.842,2,4,2,-1
143.842,0,4,2,-1
143.843,-1,2,0,-2
143.844,-1,1,1,0
143.844,-1,0,0,0
143.845,0,1,0,0
143.845,1,0,1,1
143.846,1,1,1,2
143.846,2,0,0,4
143.847,5,0,0,5
143.848,7,1,-2,5
143.848,8,0,-1,5
143.849,7,0,-1,6
143.849,7,2,1,8
143.85,9,5,4,8
143.85,8,7,6,7
143.851,7,8,6,5
143.852,3,4,5,3
143.852,0,2,4,1
143.853,-1,1,4,1
143.853,0,2,4,3
143.854,5,6,4,2
143.854,5,6,2,0
143.855,0,1,0,-1
143.856,-2,-3,-2,0
143.856,0,0,-2,2
143.857,7,5,1,3
143.857,10,9,3,1
143.858,5,4,0,0
143.858,0,0,0,0
143.859,0,-1,0,0
143.86,0,0,1,2
143.86,4,5,5,6
143.861,11,13,8,6
143.861,11,12,6,2
143.862,4,5,1,-2
143.862,-1,0,-1,-3
143.863,-1,0,-3,-4
143.864,0,2,0,-1
143.864,0,2,1,1
143.865,1,2,2,1
143.865,1,1,0,0
143.866,1,1,1,2
143.867,2,1,1,3
143.867,4,0,1,5
143.868,6,1,0,4
143.868,4,0,0,4
143.869,3,0,0,5
143.869,5,1,3,8
143.87,7,4,5,9
143.871,7,4,6,7
143.871,5,4,6,6
143.872,4,3,4,5
143.872,5,4,4,4
143.873,6,6,4,3
143.873,5,5,2,1
143.874,2,3,0,-1
143.874,0,1,0,-2
143.875,0,0,-1,-1
143.876,0,0,1,1
143.876,1,2,2,2
143.877,2,3,3,1
143.877,2,3,2,2
143.878,3,3,2,1
143.878,2,2,2,3
143.879,4,3,2,3
143.88,5,3,2,2
143.88,5,6,5,2
143.881,3,7,6,2
143.881,3,6,5,2
143.882,2,4,4,0
143.883,0,2,3,0
143.883,-2,0,0,-1
143.884,-2,0,0,0
143.884,-1,0,2,1
143.885,1,1,2,3
143.885,4,3,3,4
143.886,5,3,1,2
143.887,2,-1,-1,3
143.887,3,-1,-2,3
143.888,4,-1,0,6
143.888,9,3,0,7
143.889,8,2,0,5
143.889,7,2,2,6
143.89,6,4,4,5
143.891,6,4,3,6
143.891,7,6,4,5
143.892,8,7,4,5
143.892,11,12,4,2
143.893,8,9,1,-2
143.893,-1,0,-2,-5
143.894,-4,-1,-3,-3
143.895,-2,-1,-2,-2
143.895,-1,0,0,0
143.896,0,1,2,2
143.896,3,4,4,4
143.897,3,2,4,4
143.897,3,2,2,3
143.898,3,1,2,3
143.899,4,2,3,5
143.899,6,5,4,6
143.9,7,6,4,5
143.9,8,9,6,3
143.901,6,9,5,0
143.901,2,6,4,-1
143.902,0,5,3,-1
143.903,0,2,1,-3
143.903,-2,0,0,-3
143.904,-3,0,0,-2
143.904,-2,-1,-1,-1
143.905,0,0,0,0
143.905,1,0,0,3
143.906,3,1,2,5
143.907,4,0,1,5
143.907,4,-1,0,6
143.908,5,0,1,8
143.908,8,1,2,8
143.909,9,3,3,8
143.91,8,4,5,8
143.91,8,4,4,7
143.911,8,6,5,5
143.911,7,7,5,4
143.912,4,4,2,1
143.912,1,3,1,0
143.913,2,3,2,0
143.914,3,5,2,0
143.914,2,4,1,0
143.915,2,5,1,-1
143.915,2,6,2,0
143.916,3,1,-2,-1
143.916,2,-1,-6,-2
143.917,2,-1,-3,0
143.918,2,1,1,2
143.918,2,2,3,3
143.919,1,2,4,3
143.919,3,4,5,5
143.92,4,4,5,4
143.92,4,7,7,4
143.921,4,7,7,2
143.922,1,5,6,1
143.922,0,5,6,2
143.923,0,3,4,1
143.923,1,3,1,0
143.924,4,4,0,-1
143.924,3,3,-1,-2
143.925,0,0,-1,-1
143.926,0,0,-1,0
143.926,0,-2,-1,1
143.927,1,-1,-1,2
143.927,3,0,0,4
143.928,5,1,3,7
143.928,7,2,2,7
143.929,7,4,3,7
143.93,8,3,4,7
143.93,8,5,4,8
143.931,10,8,6,7
143.931,9,7,4,3
143.932,4,4,2,1
143.932,2,2,1,1
143.933,1,2,1,0
143.934,1,2,1,0
143.934,-2,0,0,0
143.935,-2,0,1,1
143.935,-2,-1,3,1
143.936,-2,-2,2,4
143.936,2,0,2,8
143.937,11,8,4,7
143.938,12,9,3,4
143.938,8,6,1,2
143.939,4,4,0,0
143.939,2,3,0,0
143.94,2,4,2,0
143.941,4,8,5,1
143.941,5,9,5,0
143.942,2,7,3,-1
143.942,0,3,1,-3
143.943,-2,-1,-2,-4
143.943,-3,0,0,-1
143.944,-1,1,1,0
143.945,1,3,5,3
143.945,2,3,4,3
143.946,2,3,2,1
143.946,0,0,0,2
143.947,1,-1,0,4
143.947,3,-1,0,5
143.948,6,-2,-1,7
143.949,8,0,0,8
143.949,9,2,1,7
143.95,9,4,4,9
143.95,9,5,5,7
143.951,8,8,8,7
143.952,6,6,5,4
143.952,3,3,3,3
143.953,3,4,2,2
143.953,3,4,2,0
143.954,2,3,1,-1
143.954,0,0,0,-1
143.955,-1,-1,0,0
143.955,1,1,0,0
143.956,3,3,1,1
143.957,2,1,1,1
143.957,0,0,1,1
143.958,0,0,2,3
143.958,1,1,4,4
143.959,2,1,4,5
143.96,4,4,5,5
143.96,7,8,8,6
143.961,8,11,9,6
143.961,11,13,6,3
143.962,10,11,0,-4
143.962,1,3,-2,-6
143.963,-2,0,-3,-6
143.964,-3,0,-2,-5
143.964,-3,-1,-2,-3
143.965,-2,0,-1,0
143.965,1,2,1,2
143.966,3,3,2,3
143.966,2,0,1,3
143.967,1,-1,0,5
143.968,4,-1,0,6
143.968,4,0,3,8
143.969,7,2,5,10
143.969,7,2,4,11
143.97,10,3,2,10
143.97,12,8,4,9
143.971,15,13,6,4
143.972,9,9,4,0
143.972,1,4,1,-1
143.973,0,2,0,0
143.973,2,3,-1,-3
143.974,0,2,-1,-2
143.974,0,1,0,-1
143.975,-1,1,0,0
143.976,0,0,0,0
143.976,-1,-1,0,0
143.977,1,1,1,3
143.977,2,2,2,5
143.978,5,3,3,5
143.978,4,3,4,5
143.979,4,3,4,5
143.98,5,3,4,6
143.98,7,9,8,6
143.981,7,10,8,3
143.981,3,9,7,0
143.982,1,6,5,-1
143.982,-1,3,1,-2
143.983,-1,1,0,-3
143.984,-1,0,-1,-2
143.984,0,-1,-3,-3
143.985,-1,0,-2,-1
143.985,0,0,-1,1
143.986,2,0,0,3
143.986,3,0,0,4
143.987,6,2,2,5
143.988,6,2,1,5
143.988,6,2,1,7
143.989,8,3,2,7
143.989,9,4,3,7
143.99,8,4,2,5
143.99,5,3,3,4
143.991,5,5,5,4
143.992,4,5,5,3
143.992,3,2,2,2
143.993,2,0,0,1
143.993,3,3,2,1
143.994,3,4,3,0
143.994,1,2,2,1
143.995,1,2,1,1
143.996,1,1,1,1
143.996,1,1,0,1
143.997,2,1,0,1
143.997,2,2,1,2
143.998,3,2,2,3
143.999,5,5,3,3
143.999,3,4,3,3
144,4,4,5,3
144,4,7,6,3
144.001,4,8,6,1
144.001,0,5,4,0
144.002,0,3,2,-2
144.003,-3,0,0,-1
144.003,-3,0,1,0
144.004,0,1,3,2
144.004,2,3,3,3
144.005,3,3,2,4
144.005,7,4,0,3
144.006,7,4,-1,0
144.007,3,0,-3,0
144.007,2,0,-1,2
144.008,3,0,-1,2
144.008,2,-1,-1,4
144.009,3,0,0,5
144.009,6,3,2,7
144.01,8,5,5,9
144.011,11,8,7,9
144.011,13,10,5,5
144.012,7,6,2,0
144.012,1,2,1,0
144.013,0,1,2,0
144.013,1,2,2,0
144.014,1,3,2,0
144.015,0,3,3,1
144.015,2,3,2,1
144.016,2,3,2,1
144.016,3,2,0,0
144.017,1,1,0,0
144.018,1,0,0,1
144.018,2,1,1,3
144.019,3,0,1,3
144.019,2,0,0,3
144.02,3,3,2,4
144.02,6,7,7,5
144.021,6,9,9,4
144.022,3,7,7,4
144.022,4,8,6,3
144.023,4,6,2,-1
144.023,1,3,0,-2
144.024,0,1,0,-2
144.024,0,1,0,-1
144.025,0,0,0,-1
144.026,0,-1,-1,0
144.026,-1,-1,0,0
144.027,0,-2,0,2
144.027,0,-1,1,6
144.028,3,0,3,8
144.028,7,2,3,9
144.029,8,3,4,10
144.03,10,6,5,10
144.03,13,9,5,9
144.031,14,10,4,4
144.031,8,6,0,0
144.032,0,0,-1,-2
144.032,-1,0,0,0
144.033,0,0,0,0
144.034,0,1,1,1
144.034,2,2,2,1
144.035,2,3,3,3
144.035,4,5,3,2
144.036,4,5,3,1
144.036,4,5,2,0
144.037,1,3,2,0
144.038,1,2,1,0
144.038,1,2,1,0
144.039,0,0,0,0
144.039,0,0,0,1
144.04,3,4,6,6
144.04,5,9,9,7
144.041,8,8,6,8
144.042,13,11,3,3
144.042,10,11,0,-3
144.043,0,1,-2,-5
144.043,-4,-1,-1,-5
144.044,-5,-2,0,-2
144.045,-5,-2,0,0
144.046,-3,-1,1,3
144.046,2,1,3,6
144.046,4,1,3,6
144.047,5,0,0,4
144.047,4,0,0,5
144.048,6,1,2,8
144.049,9,4,2,7
144.049,9,5,3,7
144.05,9,5,2,5
144.05,6,3,1,4
144.051,6,4,3,5
144.051,7,7,4,3
144.052,5,4,2,1
144.052,3,1,0,0
144.053,2,0,0,0
144.054,1,2,1,0
144.054,0,1,1,0
144.055,0,1,3,0
144.055,-1,2,4,1
144.056,-2,0,3,3
144.057,0,1,5,4
144.057,2,3,4,4
144.058,4,5,4,5
144.058,5,5,3,3
144.059,4,2,1,3
144.059,5,4,1,6
144.06,13,12,3,3
144.061,11,13,3,-2
144.061,3,8,1,-4
144.062,-1,3,0,-5
144.062,-3,2,1,-6
144.063,-6,-2,-1,-5
144.063,-6,-2,0,-1
144.064,-2,0,1,2
144.065,1,1,3,3
144.065,3,3,2,4
144.066,3,2,2,4
144.066,5,3,2,6
144.067,6,4,3,6
144.067,6,1,0,5
144.068,5,0,-1,4
144.069,3,-2,-1,4
144.069,5,1,0,7
144.07,8,4,4,9
144.07,9,5,5,8
144.071,8,7,6,6
144.071,6,6,5,4
144.072,4,4,3,2
144.073,3,4,3,1
144.073,1,2,2,0
144.074,0,1,0,0
144.074,-1,0,0,0
144.075,0,1,0,0
144.075,0,0,0,1
144.076,2,-1,-1,2
144.077,4,2,1,4
144.077,6,7,4,5
144.078,7,8,4,4
144.078,7,7,2,1
144.079,3,2,0,0
144.079,0,0,1,0
144.08,0,1,2,0
144.081,0,3,5,3
144.081,2,5,6,5
144.082,7,10,7,4
144.082,7,10,4,1
144.083,5,7,1,-1
144.084,2,1,-4,-6
144.084,-3,-3,-5,-4
144.085,-1,-2,-2,0
144.085,1,0,0,1
144.086,2,1,0,2
144.086,2,0,0,4
144.087,4,1,1,5
144.088,5,0,1,6
144.088,4,0,0,7
144.089,5,0,1,6
144.089,6,1,3,9
144.09,9,6,6,10
144.09,10,8,7,8
144.091,9,8,7,6
144.092,6,4,3,3
144.092,6,6,2,1
144.093,5,7,2,0
144.093,3,5,0,-2
144.094,0,1,-1,-4
144.094,-3,-1,-3,-4
144.095,-3,-3,-2,-1
144.096,-1,-3,-1,1
144.096,1,0,1,4
144.097,3,2,4,6
144.097,5,4,4,5
144.098,5,5,4,5
144.098,4,4,5,4
144.099,3,2,4,5
144.1,3,2,3,5
144.1,7,10,7,7
144.101,12,14,7,2
144.101,8,12,4,-3
144.102,0,4,0,-5
144.102,-4,0,0,-5
144.103,-5,-1,-2,-5
144.104,-4,-2,-1,-2
144.104,-2,0,0,0
144.105,1,1,1,3
144.105,4,4,3,4
144.106,5,2,1,2
144.106,3,0,0,3
144.107,3,0,0,5
144.108,5,0,0,5
144.108,5,1,2,7
144.109,6,1,2,7
144.109,7,3,3,7
144.11,9,6,5,7
144.111,9,8,6,7
144.111,9,8,6,4
144.112,5,6,3,0
144.112,1,2,1,0
144.113,1,2,1,0
144.113,1,3,1,0
144.114,1,2,0,-1
144.115,0,0,0,0
144.115,0,0,0,0
144.116,1,0,1,1
144.116,2,1,1,3
144.117,3,3,3,3
144.117,3,2,4,4
144.118,2,0,2,4
144.119,2,0,3,5
144.119,4,2,3,5
144.12,5,5,6,6
144.12,8,11,9,5
144.121,6,10,9,2
144.121,3,6,5,0
144.122,0,5,3,-1
144.123,-1,1,0,-3
144.123,-3,0,-1,-3
144.124,-2,0,-2,-3
144.124,0,0,0,0
144.125,0,0,0,1
144.125,1,0,0,3
144.126,4,1,0,4
144.127,5,2,1,4
144.127,6,2,0,4
144.128,6,1,0,5
144.128,7,1,0,5
144.129,6,2,1,7
144.129,9,5,3,7
144.13,8,4,2,5
144.131,7,5,3,4
144.131,5,5,4,3
144.132,4,4,3,2
144.132,3,3,3,1
144.133,2,3,2,1
144.133,2,2,1,0
144.134,3,4,1,1
144.135,3,4,1,0
144.135,2,3,1,0
144.136,2,3,2,0
144.136,1,2,0,0
144.137,1,1,0,0
144.137,0,0,1,2
144.138,2,1,2,3
144.139,4,2,1,3
144.139,3,1,1,3
144.14,5,4,4,4
144.14,8,9,7,4
144.141,7,9,6,2
144.141,4,6,3,0
144.142,1,4,1,-2
144.143,-1,1,0,-2
144.143,-1,1,1,-1
144.144,0,1,1,0
144.144,0,0,0,0
144.145,0,0,1,1
144.146,3,1,1,3
144.146,4,0,0,1
144.147,2,0,0,4
144.147,3,-1,0,4
144.148,4,0,1,6
144.148,5,1,3,8
144.149,7,2,3,8
144.15,9,5,5,10
144.15,11,6,4,9
144.151,12,9,4,6
144.151,11,10,4,1
144.152,3,4,1,-1
144.152,0,1,-1,-1
144.153,-1,0,0,-1
144.154,0,1,1,0
144.154,0,0,0,0
144.155,0,2,1,1
144.155,2,3,2,1
144.156,3,4,3,2
144.156,2,2,2,1
144.157,2,1,1,2
144.158,3,2,2,4
144.158,6,5,2,2
144.159,4,2,1,1
144.159,1,0,0,1
144.16,1,3,4,4
144.16,4,7,8,5
144.161,6,10,10,5
144.162,8,12,7,2
144.162,7,10,3,-2
144.163,0,1,-2,-7
144.163,-6,-2,-3,-5
144.164,-5,-2,-1,-2
144.164,-2,-1,0,0
144.165,0,1,1,3
144.166,3,2,2,3
144.166,4,-1,-1,4
144.167,4,0,0,4
144.167,5,2,2,6
144.168,6,2,3,6
144.169,6,2,3,8
144.169,6,2,2,6
144.17,6,2,2,6
144.17,6,1,2,6
144.171,7,3,3,6
144.171,6,4,5,6
144.172,7,7,6,5
144.173,6,6,5,1
144.173,2,3,1,0
144.174,0,1,1,0
144.174,0,1,1,1
144.175,1,1,0,0
144.175,1,1,1,0
144.176,0,1,0,0
144.177,1,0,1,2
144.177,3,1,1,3
144.178,5,3,1,3
144.178,4,3,1,2
144.179,3,2,1,3
144.179,5,4,3,4
144.18,7,9,7,4
144.181,6,10,7,2
144.181,3,7,4,0
144.182,1,5,3,-1
144.182,0,4,1,-2
144.183,0,2,0,-2
144.183,0,2,0,-3
144.184,0,2,0,-2
144.185,0,0,-1,-1
144.185,0,-2,-2,0
144.186,1,0,-1,2
144.186,3,0,0,3
144.187,5,1,1,5
144.187,5,2,2,6
144.188,5,1,2,7
144.189,5,0,1,7
144.189,6,0,1,7
144.19,8,4,4,8
144.19,9,7,7,9
144.191,10,9,8,7
144.192,5,6,5,3
144.192,2,4,2,0
144.193,2,2,1,0
144.193,1,2,1,0
144.194,1,2,0,0
144.194,0,1,0,0
144.195,1,2,1,0
144.196,0,2,2,1
144.196,1,2,2,1
144.197,2,2,2,1
144.197,2,2,1,1
144.198,1,1,1,1
144.198,2,1,1,3
144.199,2,2,3,4
144.2,4,4,4,4
144.2,6,7,7,4
144.201,5,7,6,2
144.201,4,6,5,0
144.202,2,6,4,0
144.202,0,3,2,-1
144.203,0,1,0,-2
144.204,0,1,0,-2
144.204,0,1,0,-1
144.205,0,1,0,0
144.205,2,1,0,1
144.206,2,1,0,2
144.206,2,0,0,3
144.207,2,-2,-1,3
144.208,4,-1,-1,4
144.208,6,1,1,8
144.209,7,2,1,8
144.209,7,3,4,8
144.21,9,5,5,8
144.21,9,6,6,7
144.211,9,7,5,5
144.212,6,6,3,2
144.212,5,5,2,2
144.213,3,3,1,0
144.213,0,2,0,-1
144.214,0,0,0,-1
144.214,0,0,-1,0
144.215,0,1,1,0
144.216,1,3,3,2
144.216,1,2,3,3
144.217,3,3,3,4
144.217,5,5,3,3
144.218,7,6,1,1
144.218,4,3,0,0
144.219,1,0,-1,0
144.22,1,2,1,2
144.22,4,6,5,4
144.221,4,7,5,3
144.221,4,6,5,2
144.222,5,8,5,0
144.223,2,4,1,-2
144.223,0,2,0,-2
144.224,-1,0,0,-2
144.224,-2,0,0,-1
144.225,-1,0,0,0
144.225,0,0,1,2
144.226,0,-2,1,5
144.227,2,-1,1,5
144.227,5,0,2,8
144.228,9,3,2,8
144.228,10,3,3,9
144.229,11,4,1,7
144.229,10,5,2,5
144.23,10,7,3,5
144.231,8,5,3,3
144.231,3,3,1,1
144.232,1,1,0,0
144.232,1,2,1,1
144.233,2,3,2,1
144.233,3,3,2,1
144.234,3,4,2,1
144.235,3,3,2,0
144.235,1,2,1,0
144.236,0,3,1,0
144.236,0,1,2,1
144.237,1,1,2,2
144.237,2,1,2,2
144.238,1,0,0,3
144.239,3,1,2,4
144.239,6,4,4,5
144.24,6,7,5,4
144.24,6,8,6,3
144.241,5,8,5,2
144.241,2,5,2,0
144.242,1,5,3,0
144.243,0,2,0,-3
144.243,-1,0,0,-1
144.244,-1,0,-1,-1
144.244,0,0,0,1
144.245,1,1,0,2
144.245,3,2,0,2
144.246,3,0,0,3
144.247,4,0,0,4
144.247,4,0,0,6
144.248,7,2,1,6
144.248,9,3,2,7
144.249,8,5,4,6
144.249,9,6,4,5
144.25,5,4,2,3
144.251,5,5,4,3
144.251,3,4,3,1
144.252,1,3,2,1
144.252,1,1,2,1
144.253,1,2,3,2
144.253,1,2,2,2
144.254,3,3,2,2
144.255,3,4,2,2
144.255,4,3,2,2
144.256,5,6,3,1
144.256,3,3,1,0
144.257,0,-2,-3,0
144.258,0,-3,-4,1
144.258,5,3,1,3
144.259,5,5,4,4
144.259,4,4,4,3
144.26,3,5,5,3
144.26,2,5,7,3
144.261,1,6,7,3
144.262,0,3,4,1
144.262,0,3,5,1
144.263,0,3,3,1
144.263,2,4,2,1
144.264,3,4,1,0
144.264,1,1,-1,0
144.265,2,1,-1,0
144.266,2,1,0,2
144.266,6,2,-2,0
144.267,5,2,-3,0
144.267,2,-1,-3,1
144.268,3,-1,-2,3
144.268,5,0,0,5
144.269,5,1,2,6
144.27,6,2,4,8
144.27,7,5,6,9
144.271,8,8,7,7
144.271,6,6,6,5
144.272,4,4,5,3
144.272,2,3,4,4
144.273,3,3,2,3
144.274,4,3,2,0
144.274,3,3,1,0
144.275,2,4,1,1
144.275,5,6,1,0
144.276,6,5,0,-2
144.276,2,3,-2,-4
144.277,-2,-1,-2,-2
144.278,-1,0,0,0
144.278,0,0,0,1
144.279,1,0,1,3
144.279,3,3,4,5
144.28,6,7,8,7
144.28,6,9,9,5
144.281,4,6,7,2
144.282,0,4,4,1
144.282,1,4,4,1
144.283,1,3,2,2
144.283,4,4,1,0
144.284,3,2,-1,-2
144.285,0,0,-1,-1
144.285,0,0,0,0
144.286,1,0,0,1
144.286,1,-1,0,2
144.287,1,-2,0,4
144.287,2,-1,1,7
144.288,6,2,2,9
144.289,10,4,4,9
144.289,9,3,2,7
144.29,9,5,3,8
144.29,11,8,4,6
144.291,10,9,3,4
144.291,9,8,2,0
144.292,3,4,0,-1
144.293,1,1,0,-3
144.293,-2,0,-1,-1
144.294,-2,-1,0,-1
144.294,-2,-1,0,0
144.295,-1,-1,1,2
144.295,0,0,4,5
144.296,5,5,6,6
144.297,8,7,6,6
144.297,6,6,5,4
144.298,5,5,4,4
144.298,6,6,2,1
144.299,3,3,1,0
144.299,2,3,0,-1
144.3,2,6,5,0
144.301,2,7,4,0
144.301,0,5,3,0
144.302,0,5,2,-2
144.302,0,3,2,-2
144.303,-2,1,0,-2
144.303,-1,0,0,0
144.304,0,0,0,1
144.305,2,0,1,3
144.305,3,4,4,3
144.306,3,2,4,4
144.306,2,1,3,5
144.307,4,0,1,5
144.307,5,1,0,5
144.308,7,2,0,5
144.309,5,2,0,4
144.309,5,2,2,6
144.31,7,4,3,6
144.31,8,6,4,5
144.311,7,7,5,3
144.311,4,4,3,2
144.312,3,5,3,2
144.313,2,4,2,1
144.313,1,3,1,0
144.314,0,2,0,0
144.314,0,1,1,0
144.315,0,1,1,1
144.316,1,1,2,2
144.316,2,1,1,2
144.317,1,0,1,2
144.317,3,0,1,4
144.318,5,4,3,6
144.318,7,5,3,5
144.319,5,4,2,3
144.32,4,4,3,2
144.32,6,8,6,3
144.321,4,8,5,1
144.321,2,6,3,0
144.322,2,6,3,0
144.322,0,2,1,-3
144.323,-1,1,0,-1
144.324,-1,1,0,-1
144.324,0,0,0,-1
144.325,0,0,0,0
144.325,0,0,0,1
144.326,0,0,1,4
144.326,2,0,1,5
144.327,3,0,2,7
144.328,5,0,1,7
144.328,6,0,1,8
144.329,8,2,1,7
144.329,10,5,3,8
144.33,10,6,4,8
144.33,11,10,5,6
144.331,9,9,4,3
144.332,6,6,2,1
144.332,4,5,1,-2
144.333,0,1,0,-2
144.333,0,0,-1,-2
144.334,0,1,0,-1
144.334,0,2,1,0
144.335,1,2,2,0
144.336,1,3,2,1
144.336,2,3,2,2
144.337,2,3,3,2
144.337,3,3,2,2
144.338,2,2,2,2
144.339,0,0,0,2
144.339,2,1,1,4
144.34,4,3,3,4
144.34,6,7,6,5
144.341,6,8,7,4
144.341,5,7,5,1
144.342,2,6,5,0
144.343,0,3,2,-1
144.343,-1,0,0,-1
144.344,-1,0,0,-1
144.344,0,0,0,0
144.345,0,1,1,1
144.345,3,1,1,2
144.346,3,0,0,3
144.347,2,-1,-1,3
144.347,3,-2,-1,5
144.348,6,0,0,6
144.348,7,2,2,7
144.349,8,3,2,8
144.349,8,4,3,8
144.35,10,6,3,7
144.351,10,9,6,6
144.351,7,6,4,3
144.352,4,6,3,0
144.352,3,5,2,0
144.353,1,3,1,-1
144.353,-1,0,0,-1
144.354,-2,-2,-2,0
144.355,0,0,0,1
144.355,2,3,2,3
144.356,4,4,3,1
144.356,2,3,3,1
144.357,0,1,2,2
144.357,2,2,3,3
144.358,1,1,2,3
144.359,2,2,4,4
144.359,2,2,5,6
144.36,4,3,5,5
144.36,4,3,3,5
144.361,6,7,5,4
144.361,7,10,6,3
144.362,7,9,5,1
144.363,5,7,1,-1
144.363,4,5,-2,-4
144.364,2,2,-5,-7
144.364,-1,0,-6,-7
144.365,-3,-2,-4,-3
144.365,0,0,0,0
144.366,0,-1,0,3
144.367,1,-1,1,5
144.367,3,-1,1,6
144.368,5,0,2,8
144.368,7,1,4,9
144.369,9,4,5,9
144.369,9,4,5,9
144.37,8,3,4,7
144.371,8,7,6,7
144.371,8,7,6,5
144.372,6,6,3,2
144.372,0,2,1,0
144.373,1,1,1,0
144.374,1,1,0,0
144.374,0,1,1,0
144.375,2,2,0,1
144.375,5,5,2,0
144.376,2,3,0,0
144.376,0,1,1,1
144.377,1,2,1,1
144.378,2,2,2,2
144.378,2,2,1,1
144.379,1,1,1,2
144.379,3,4,3,3
144.38,5,7,6,3
144.38,4,7,7,3
144.381,2,6,5,2
144.382,3,5,4,0
144.382,1,5,3,0
144.383,0,2,0,-2
144.383,0,0,-1,-1
144.384,0,0,-1,0
144.384,1,0,-1,0
144.385,2,2,2,3
144.386,5,5,3,4
144.386,5,2,0,3
144.387,7,2,0,3
144.387,5,0,-3,0
144.388,2,-2,-2,2
144.388,1,-1,1,4
144.389,4,3,6,9
144.39,8,5,7,9
144.39,9,6,6,9
144.391,9,7,6,5
144.391,5,4,4,2
144.392,2,3,3,1
144.393,3,3,2,2
144.393,5,4,1,1
144.394,4,4,1,0
144.394,1,3,1,-2
144.395,0,3,2,-1
144.395,-1,0,0,0
144.396,0,0,0,0
144.397,0,0,0,0
144.397,0,1,2,3
144.398,2,2,3,5
144.398,3,1,1,6
144.399,4,3,4,7
144.399,7,4,5,6
144.4,7,8,7,5
144.401,6,9,7,3
144.401,5,7,6,2
144.402,3,6,5,0
144.402,1,4,0,-3
144.403,-1,1,-1,-5
144.404,-2,0,-1,-3
144.404,0,0,-1,-1
144.405,0,1,0,0
144.405,1,2,1,1
144.406,1,0,0,1
144.406,0,-2,-1,3
144.407,4,0,0,6
144.407,7,1,0,7
144.408,9,1,0,6
144.409,6,0,-1,5
144.409,6,1,3,7
144.41,7,4,6,8
144.41,8,7,7,8
144.411,8,7,6,6
144.411,4,3,2,1
144.412,2,3,2,2
144.413,3,4,3,3
144.413,4,4,2,1
144.414,3,2,0,0
144.414,1,2,0,0
144.415,3,4,1,0
144.415,3,3,1,0
144.416,1,2,0,0
144.417,0,2,1,1
144.417,2,1,1,1
144.418,3,2,0,1
144.418,2,1,1,1
144.419,2,1,1,2
144.419,3,3,3,4
144.42,6,9,8,5
144.421,5,8,7,2
144.421,2,4,5,0
144.422,0,4,4,0
144.422,1,4,3,0
144.423,2,4,2,1
144.423,2,3,1,0
144.424,0,2,0,0
144.425,2,3,0,0
144.425,1,2,0,0
144.426,1,1,-1,0
144.426,1,0,-3,0
144.427,1,-2,-2,2
144.427,2,-2,0,4
144.428,3,0,1,8
144.429,7,2,4,10
144.429,9,4,4,9
144.43,9,6,5,8
144.43,9,7,6,6
144.431,7,7,6,5
144.432,4,5,4,3
144.432,3,5,4,0
144.433,0,3,3,0
144.433,0,0,1,0
144.434,0,0,0,0
144.434,0,0,0,1
144.435,2,1,0,2
144.436,4,3,1,3
144.436,6,3,0,2
144.437,4,1,0,2
144.437,5,3,1,3
144.438,6,5,2,3
144.438,4,4,2,2
144.439,3,3,2,2
144.44,5,6,4,3
144.44,9,11,6,1
144.441,4,7,3,0
144.441,1,5,1,-2
144.442,0,3,1,-2
144.442,-1,2,0,-3
144.443,-3,0,0,-3
144.444,-4,-1,0,-1
144.444,-5,-3,2,1
144.445,-1,-2,1,5
144.445,3,0,2,7
144.446,8,4,4,6
144.446,6,5,7,7
144.447,4,1,2,6
144.448,4,0,0,6
144.448,7,1,0,6
144.449,6,2,1,6
144.449,7,3,2,6
144.45,6,4,3,6
144.451,8,7,5,6
144.451,7,6,4,3
144.452,3,4,2,1
144.452,0,1,1,1
144.453,0,0,0,0
144.453,0,0,0,0
144.454,-1,0,0,1
144.455,2,3,3,3
144.455,4,5,4,3
144.456,5,4,2,2
144.456,4,3,0,1
144.457,4,3,0,1
144.457,4,4,0,0
144.458,5,5,0,0
144.459,4,5,1,1
144.459,4,4,2,0
144.46,1,3,2,1
144.46,2,6,4,1
144.461,3,6,5,2
144.461,6,8,4,2
144.462,6,8,3,0
144.463,3,3,0,-2
144.463,0,0,-1,-3
144.464,-1,0,-2,-2
144.464,0,1,0,-1
144.465,1,2,1,0
144.465,0,0,1,1
144.466,0,-2,0,2
144.467,1,-2,0,4
144.467,3,0,2,6
144.468,6,4,4,8
144.468,6,3,5,9
144.469,8,3,4,7
144.469,9,4,2,6
144.47,7,5,3,4
144.471,4,6,7,5
144.471,3,2,4,3
144.472,0,0,2,2
144.472,0,0,3,2
144.473,1,2,4,4
144.473,4,5,5,5
144.474,5,5,4,6
144.475,11,7,0,4
144.475,12,6,-5,-2
144.476,8,5,-5,-5
144.476,3,4,-2,-2
144.477,2,3,0,-2
144.477,1,1,-2,-3
144.478,-1,-1,-2,-3
144.479,-4,-3,-2,-1
144.479,-2,1,4,3
144.48,2,8,11,5
144.48,1,8,12,5
144.481,0,6,12,4
144.481,-1,5,10,5
144.482,0,3,6,3
144.483,0,0,1,1
144.483,1,0,-1,2
144.484,5,3,0,2
144.484,6,5,1,1
144.485,3,2,0,0
144.485,1,0,-1,0
144.486,1,-2,-3,1
144.487,3,-1,-2,4
144.487,4,-1,-2,4
144.488,5,0,0,7
144.488,6,-1,1,8
144.489,8,1,2,9
144.49,12,7,4,11
144.49,16,12,6,8
144.491,13,11,4,3
144.491,7,7,0,0
144.492,3,5,0,-3
144.492,0,1,-1,-5
144.493,-3,0,-1,-5
144.494,-3,0,1,-2
144.494,-3,0,4,1
144.495,0,5,7,3
144.495,2,7,8,3
144.496,1,5,6,0
144.496,0,3,4,0
144.497,0,2,4,1
144.498,0,2,3,2
144.498,-1,-3,0,1
144.499,-1,-5,-2,4
144.499,4,0,0,5
144.5,7,5,6,9
144.5,10,9,8,10
144.501,13,13,9,7
144.502,11,12,6,1
144.502,3,4,0,-4
144.503,-3,-1,-3,-5
144.503,-2,0,-1,-3
144.504,0,0,-2,-2
144.505,0,-2,-4,-1
144.505,4,3,0,2
144.506,5,4,2,1
144.506,4,2,0,0
144.507,1,0,0,1
144.507,1,-1,0,3
144.508,0,-3,0,5
144.508,1,-3,1,7
144.509,5,1,4,9
144.51,10,7,9,11
144.51,12,11,9,11
144.511,15,12,5,5
144.511,9,7,1,1
144.512,6,5,0,0
144.512,1,1,-1,-2
144.513,-2,-3,-3,-1
144.514,-3,-7,-4,1
144.514,1,-1,0,6
144.515,10,9,6,5
144.515,8,12,9,3
144.516,5,11,10,3
144.516,3,6,3,0
144.517,2,3,-2,-3
144.518,0,0,-5,-8
144.518,-5,-3,-5,-7
144.519,-6,-1,0,-1
144.519,1,5,6,3
144.52,7,14,11,4
144.521,4,9,6,0
144.521,0,1,-1,0
144.522,3,2,0,1
144.522,5,5,3,4
144.523,7,4,2,3
144.523,5,1,-1,2
144.524,4,0,-2,2
144.525,6,4,1,2
144.525,6,5,0,0
144.526,3,1,-3,-1
144.526,4,0,-6,-2
144.527,5,1,-6,0
144.527,7,3,-3,2
144.528,9,3,-1,6
144.529,11,4,2,10
144.529,14,7,5,12
144.53,14,9,9,12
144.53,12,10,13,11
144.531,6,5,6,2
144.531,-3,-3,-1,-2
144.532,-5,-3,0,-2
144.533,-3,0,1,-3
144.533,-5,-1,0,-3
144.534,-5,-2,1,-1
144.534,-4,-2,0,-1
144.535,-3,-3,-2,0
144.536,3,0,-4,0
144.536,9,5,-4,0
144.537,12,11,2,6
144.537,16,15,7,8
144.538,15,14,9,9
144.538,12,10,9,9
144.539,7,6,9,7
144.54,0,1,8,6
144.54,0,0,4,0
144.541,-4,-2,-3,-7
144.541,-5,0,-3,-8
144.542,-1,7,1,-6
144.542,0,9,2,-8
144.543,-4,5,1,-7
144.544,-2,5,3,-1
144.544,1,4,0,-2
144.545,-1,-5,-12,-10
144.545,-2,-3,-9,-4
144.546,5,3,-4,3
144.546,16,10,4,14
144.547,22,15,11,18
144.548,18,8,9,17
144.548,14,9,13,14
144.549,5,2,9,8
144.549,-4,-3,9,6
144.55,-10,-6,13,11
144.55,-8,-6,13,12
144.551,-5,-1,17,13
144.552,-6,-2,16,10
144.552,-7,0,22,16
144.553,-6,-5,12,8
144.553,-11,-11,1,0
144.554,-11,-13,-4,-2
144.554,-6,-6,-4,-5
144.555,-7,-8,-8,-6
144.556,-3,-5,-5,-1
144.556,0,-5,-5,0
144.557,1,-1,-2,2
144.557,5,6,3,2
144.558,6,5,-1,-2
144.558,4,0,-11,-2
144.559,12,3,-12,0
144.56,22,19,1,8
144.56,30,29,9,8
144.561,25,26,8,1
144.561,18,24,8,1
144.562,17,24,10,2
144.563,9,13,3,-3
144.563,0,5,4,-3
144.564,-8,1,13,8
144.564,-3,1,17,12
144.565,-4,0,16,11
144.565,-8,-5,12,7
144.566,-17,-19,0,0
144.567,-24,-30,-9,-1
144.567,-22,-29,-10,-1
144.568,-16,-27,-16,-6
144.568,-11,-18,-17,-7
144.569,-1,-3,-5,4
144.569,14,9,4,13
144.57,25,21,14,21
144.571,31,27,19,23
144.571,33,28,12,11
144.572,24,22,2,-2
144.572,10,11,-4,-8
144.573,6,3,-14,-11
144.573,8,5,-14,-10
144.574,9,7,-11,-8
144.575,7,8,0,1
144.575,10,16,17,11
144.576,9,15,20,11
144.576,1,10,20,9
144.577,-7,-2,9,1
144.577,-14,-14,-3,-2
144.578,-9,-13,-15,-13
144.579,-12,-13,-13,-12
144.579,-10,-9,-8,-5
144.58,-2,-2,-2,0
144.58,4,6,5,6
144.581,11,13,13,14
144.581,16,20,24,23
144.582,18,18,24,21
144.583,10,7,11,9
144.583,1,0,2,3
144.584,-1,-3,-3,-2
144.584,-1,-6,-16,-14
144.585,-4,-7,-19,-17
144.585,-5,-4,-10,-5
144.586,3,4,0,2
144.587,6,9,8,4
144.587,3,6,8,6
144.588,0,-1,-3,0
144.588,0,-8,-13,-4
144.589,6,-1,-9,2
144.589,16,13,6,14
144.59,24,23,19,19
144.591,19,15,11,9
144.591,5,6,7,2
144.592,-3,0,6,0
144.592,-12,-9,-3,-6
144.593,-13,-8,-1,-3
144.593,-5,-1,2,3
144.594,3,6,9,7
144.595,8,11,8,2
144.595,1,2,-1,-6
144.596,-4,-3,-6,-7
144.596,0,4,-1,-1
144.597,9,9,-1,-3
144.598,9,8,-5,-2
144.598,12,6,-9,-2
144.599,15,9,-9,-3
144.599,18,16,0,6
144.6,28,31,14,14
144.6,30,34,18,11
144.601,16,19,13,6
144.602,4,6,7,0
144.602,-5,-5,-4,-6
144.603,-8,-10,-11,-11
144.603,-12,-14,-13,-10
144.604,-14,-14,-5,-2
144.604,-13,-15,1,5
144.605,-12,-14,8,16
144.606,-1,-14,-3,7
144.606,0,-15,-19,-7
144.607,0,-10,-21,-12
144.607,2,0,-12,-3
144.608,12,16,15,20
144.608,24,25,29,29
144.609,28,34,45,37
144.61,23,27,38,25
144.61,7,16,29,12
144.611,-8,0,16,3
144.611,-18,-18,-4,-9
144.612,-25,-27,-15,-12
144.612,-18,-17,-9,-7
144.613,-11,-9,-2,-2
144.614,-6,-6,-5,-5
144.614,-4,-5,-9,-9
144.615,-2,-3,-13,-8
144.615,8,2,-17,-10
144.616,16,8,-21,-13
144.616,21,15,-18,-8
144.617,30,25,-6,2
144.618,39,34,0,5
144.618,38,37,12,10
144.619,30,33,17,11
144.619,17,19,11,1
144.62,3,15,21,7
144.62,-3,17,45,27
144.621,-8,6,43,23
144.622,-21,-2,44,21
144.622,-33,-18,30,6
144.623,-46,-34,5,-9
144.623,-47,-45,-19,-19
144.624,-40,-46,-32,-20
144.624,-24,-29,-20,-4
144.625,-2,-11,-15,-4
144.626,2,-7,-11,0
144.626,9,0,-3,12
144.627,22,14,8,17
144.627,23,16,11,17
144.628,23,16,9,16
144.629,24,15,5,12
144.629,19,10,6,18
144.63,22,13,11,18
144.63,18,10,4,5
144.631,10,7,-5,-5
144.631,4,1,-12,-11
144.632,3,0,-16,-13
144.633,3,2,-14,-12
144.633,5,5,-12,-10
144.634,9,10,-8,-5
144.634,17,17,-5,-3
144.635,22,27,11,9
144.635,20,23,17,11
144.636,11,11,9,4
144.637,1,6,10,4
144.637,-4,0,6,0
144.638,-9,-3,7,0
144.638,-11,-5,3,-5
144.639,-17,-8,1,-6
144.639,-15,-9,-2,-4
144.64,-4,0,-3,-7
144.641,0,10,6,-1
144.641,4,13,7,-2
144.642,2,11,3,-4
144.642,-1,3,4,0
144.643,0,4,8,7
144.643,0,-5,0,7
144.644,0,-12,-5,6
144.645,1,-11,-7,7
144.645,6,-5,-3,9
144.646,14,5,3,12
144.646,17,9,3,9
144.647,13,5,0,6
144.647,10,4,0,5
144.648,9,4,1,5
144.649,8,6,2,2
144.649,2,1,0,-1
144.65,-3,-6,-7,-6
144.65,-3,-1,-1,0
144.651,3,7,6,6
144.652,10,13,11,6
144.652,8,9,6,5
144.653,6,5,2,2
144.653,5,6,4,3
144.654,7,10,7,3
144.654,5,9,4,0
144.655,0,2,0,-5
144.656,-8,-10,-11,-7
144.656,-5,-10,-11,-3
144.657,3,1,0,6
144.657,11,10,8,10
144.658,10,8,7,8
144.658,8,6,7,9
144.659,7,4,3,5
144.66,5,5,4,1
144.66,2,5,3,-2
144.661,-4,0,0,-1
144.661,-1,2,4,1
144.662,3,7,6,1
144.662,0,3,1,-4
144.663,-5,-2,-3,-6
144.664,-5,-3,-1,-2
144.664,-2,0,1,3
144.665,4,4,5,6
144.665,6,6,6,5
144.666,3,0,0,1
144.666,0,-3,-1,4
144.667,4,0,1,8
144.668,9,3,3,8
144.668,8,1,0,4
144.669,4,2,2,5
144.669,6,7,7,9
144.67,10,11,7,6
144.67,10,9,3,1
144.671,3,2,-1,-3
144.672,0,1,0,-1
144.672,1,4,2,0
144.673,2,3,2,2
144.673,4,3,0,1
144.674,2,1,-1,0
144.674,0,0,0,0
144.675,2,3,3,4
144.676,4,5,6,6
144.676,5,4,3,4
144.677,4,3,5,5
144.677,2,0,1,3
144.678,1,-2,-1,1
144.678,1,0,0,2
144.679,3,1,2,4
144.68,8,8,4,3
144.68,7,10,5,-1
144.681,2,9,5,-2
144.681,0,9,4,-4
144.682,-1,4,0,-6
144.683,-3,1,-1,-6
144.683,-2,1,0,-2
144.684,-3,-2,-2,0
144.684,0,-2,0,5
144.685,6,3,5,9
144.685,7,4,4,7
144.686,5,0,1,4
144.687,4,0,0,5
144.687,6,2,1,7
144.688,7,3,1,6
144.688,8,2,-1,5
144.689,9,4,1,6
144.689,10,8,6,8
144.69,10,8,5,7
144.691,8,6,4,4
144.691,4,2,0,0
144.692,0,0,0,-2
144.692,-3,-1,0,-1
144.693,-1,-2,0,0
144.693,0,0,1,2
144.694,3,3,3,2
144.695,3,6,5,3
144.695,1,2,2,0
144.696,1,0,0,2
144.696,2,2,2,3
144.697,3,3,3,4
144.697,5,3,3,5
144.698,6,5,3,5
144.699,5,3,0,2
144.699,4,3,1,0
144.7,4,6,3,0
144.7,0,3,2,0
144.701,0,3,4,0
144.701,2,7,6,1
144.702,2,6,4,-1
144.703,-2,2,2,-1
144.703,-1,1,1,0
144.704,1,3,3,1
144.704,2,2,0,0
144.705,1,0,-1,0
144.705,1,-1,-2,0
144.706,2,-1,-2,4
144.707,5,0,0,5
144.707,6,0,2,7
144.708,5,0,2,7
144.708,3,-2,3,9
144.709,2,-3,5,14
144.709,8,2,8,15
144.71,12,8,10,11
144.711,8,8,9,7
144.711,5,7,7,4
144.712,4,8,8,3
144.712,3,7,6,0
144.713,-2,0,0,-1
144.714,-1,-1,-2,-2
144.714,0,0,-1,-1
144.715,3,4,0,0
144.715,6,4,-5,-5
144.716,2,0,-10,-9
144.716,-6,-8,-9,-6
144.717,-4,-7,-4,0
144.718,-1,-3,0,4
144.718,1,0,6,11
144.719,7,8,16,16
144.719,12,15,18,13
144.72,10,14,16,9
144.72,5,11,13,1
144.721,-4,2,6,-1
144.722,-5,1,4,-2
144.722,-2,2,1,-1
144.723,1,4,3,1
144.723,4,4,0,3
144.724,15,13,0,5
144.724,27,20,-6,-2
144.725,26,21,-9,-11
144.726,13,11,-15,-21
144.726,-7,-8,-19,-20
144.727,-12,-14,-18,-13
144.727,-6,-9,-10,-3
144.728,0,-4,-2,6
144.729,7,-1,2,15
144.729,13,1,3,16
144.73,14,2,4,12
144.73,10,4,6,10
144.731,8,7,11,10
144.731,6,7,12,9
144.732,2,7,13,7
144.733,-1,1,9,3
144.733,-4,0,6,5
144.734,5,6,4,1
144.734,6,7,4,1
144.735,3,7,6,2
144.735,1,1,2,-2
144.736,-4,-2,-1,-7
144.736,-13,-8,-2,-4
144.737,-12,-8,2,1
144.738,-8,-3,9,11
144.738,2,2,11,12
144.739,5,4,10,11
144.739,8,7,10,13
144.74,14,17,16,15
144.74,20,21,13,7
144.741,9,9,1,-6
144.742,-7,-4,-4,-7
144.742,-6,-5,-6,-3
144.743,6,5,-2,-2
144.743,8,5,-4,-10
144.744,-10,-8,-7,-9
144.745,-15,-14,-6,4
144.745,10,3,-2,7
144.746,18,8,-4,1
144.746,14,7,-3,2
144.747,14,10,0,5
144.748,18,13,0,-2
144.748,3,0,-6,-8
144.749,-9,-8,-6,-4
144.749,-6,-2,3,3
144.75,-1,2,10,9
144.75,0,2,13,11
144.751,1,2,10,12
144.751,6,4,8,16
144.752,19,14,9,16
144.753,25,19,7,8
144.753,17,13,0,-5
144.754,-4,-4,-5,-11
144.754,-17,-13,-6,-8
144.755,-16,-12,-1,0
144.755,-2,0,6,6
144.756,5,7,8,5
144.757,1,2,5,2
144.757,-4,-5,0,2
144.758,-2,-5,-1,5
144.758,5,1,2,7
144.759,10,7,6,16
144.76,27,24,12,12
144.76,26,27,10,-3
144.761,-2,3,0,-7
144.761,-7,-2,-1,-4
144.762,-2,0,-1,-5
144.762,-3,0,-1,-7
144.763,-10,-3,2,-5
144.763,-13,-7,4,3
144.764,1,5,7,7
144.765,14,17,9,0
144.765,2,10,8,-4
144.766,-11,-4,2,-2
144.766,-8,-6,0,1
144.767,0,-2,-3,3
144.768,7,0,-5,3
144.768,8,-1,-4,11
144.769,21,6,-4,19
144.769,41,19,-6,10
144.77,31,10,-14,-3
144.77,11,2,-10,-7
144.771,-2,-1,-1,-4
144.772,-11,-5,8,5
144.772,-5,1,14,12
144.773,4,7,13,7
144.773,0,4,9,3
144.774,-2,2,7,4
144.774,2,5,6,4
144.775,4,7,5,-1
144.776,-2,-1,-1,-6
144.776,-12,-12,-5,0
144.777,-1,-6,-1,12
144.777,20,12,4,8
144.778,17,13,3,0
144.778,1,2,1,-1
144.779,-2,-1,3,2
144.78,2,7,10,5
144.78,2,7,8,0
144.781,-3,2,4,-2
144.781,-3,3,6,0
144.782,0,5,7,2
144.783,0,4,5,1
144.783,-2,0,1,0
144.784,0,0,0,-1
144.784,0,0,0,1
144.785,4,4,3,5
144.785,7,5,3,5
144.786,5,1,-2,0
144.787,1,-1,-3,0
144.787,2,-1,-1,2
144.788,5,1,1,6
144.788,5,0,1,6
144.789,5,0,0,6
144.789,7,3,2,8
144.79,14,12,7,10
144.791,15,14,8,5
144.791,5,3,1,0
144.792,2,0,-2,0
144.792,1,0,-1,-1
144.793,0,1,0,0
144.793,0,0,0,2
144.794,3,2,1,2
144.795,1,1,1,0
144.795,-2,-2,0,0
144.796,-4,-1,2,3
144.796,1,2,8,8
144.797,3,4,8,7
144.797,3,4,7,7
144.798,1,1,5,3
144.799,0,1,6,4
144.799,1,6,10,7
144.8,6,13,14,9
144.8,12,11,2,6
144.801,19,11,-7,-5
144.802,9,7,-9,-12
144.802,-2,0,-8,-7
144.803,2,2,-7,-5
144.803,7,6,-5,-6
144.804,5,5,-5,-7
144.804,1,3,-4,-6
144.805,0,2,-1,-4
144.805,-3,-2,-2,-2
144.806,-4,-5,-2,0
144.807,-1,-2,1,6
144.807,4,3,8,11
144.808,4,2,8,11
144.808,4,0,6,11
144.809,4,0,6,10
144.81,5,2,8,13
144.81,11,8,12,16
144.811,17,14,11,12
144.811,16,14,5,1
144.812,4,4,0,-3
144.812,-1,0,0,-3
144.813,-1,2,0,-3
144.813,-2,-1,-2,-4
144.814,-3,0,-1,-2
144.815,-1,1,0,0
144.815,1,3,3,2
144.816,4,4,2,2
144.816,4,3,0,0
144.817,3,2,0,1
144.818,3,2,0,3
144.818,4,2,1,3
144.819,4,1,1,3
144.819,5,3,2,3
144.82,5,7,6,3
144.82,4,8,8,2
144.821,0,4,7,1
144.822,-2,2,7,1
144.822,-2,2,4,0
144.823,-2,2,4,0
144.823,-1,2,3,1
144.824,0,-1,0,2
144.824,0,-4,-4,1
144.825,3,0,-1,1
144.826,2,1,2,3
144.826,2,3,5,7
144.827,7,6,8,9
144.827,9,7,6,7
144.828,4,0,1,6
144.828,9,2,-1,4
144.829,10,4,-1,4
144.83,9,3,-1,3
144.83,7,3,0,1
144.831,2,0,-2,-2
144.831,-3,-2,-1,1
144.832,3,4,4,5
144.832,10,13,8,5
144.833,8,8,3,1
144.834,5,6,0,-2
144.834,1,2,-2,-5
144.835,0,3,0,-2
144.835,-1,4,2,0
144.836,-1,1,2,0
144.836,-2,-3,0,1
144.837,0,-1,1,5
144.838,4,1,3,7
144.838,8,6,5,8
144.839,10,8,4,5
144.839,6,6,3,3
144.84,5,7,4,1
144.84,2,5,3,0
144.841,0,4,3,0
144.842,0,5,4,0
144.842,1,3,1,0
144.843,1,3,0,-2
144.843,0,0,0,-1
144.844,0,0,0,0
144.844,0,0,1,0
144.845,1,2,2,3
144.846,1,0,1,3
144.846,2,0,0,4
144.847,3,-1,0,5
144.847,4,0,1,7
144.848,6,2,2,8
144.848,8,3,3,9
144.849,10,5,4,7
144.85,7,5,3,7
144.85,10,10,5,8
144.851,15,13,4,3
144.851,6,5,0,-2
144.852,-1,-2,-3,-3
144.853,-3,-2,-3,-4
144.853,-5,-2,0,-2
144.854,-3,0,3,0
144.854,0,4,7,6
144.855,7,7,5,6
144.855,7,4,0,0
144.856,-1,-5,-3,0
144.857,-2,-4,0,5
144.857,4,1,5,8
144.858,5,4,7,6
144.858,4,4,7,10
144.859,13,10,6,11
144.859,24,20,5,4
144.86,15,16,1,-5
144.861,2,6,-3,-8
144.861,-1,1,-4,-9
144.862,-4,1,-4,-9
144.862,-5,0,-3,-7
144.863,-1,2,0,-3
144.863,0,2,0,-1
144.864,0,0,0,-1
144.865,-3,-2,0,0
144.865,-3,-3,2,2
144.866,-3,-5,3,6
144.866,-1,-3,6,10
144.867,3,0,8,14
144.867,10,5,9,12
144.868,8,2,6,10
144.869,4,1,6,14
144.869,14,9,8,14
144.87,19,13,4,6
144.87,11,9,1,0
144.871,1,0,-1,0
144.871,2,0,-1,-1
144.872,-1,-3,-3,-3
144.873,-4,-3,0,0
144.873,1,4,3,1
144.874,2,6,4,2
144.874,3,4,3,2
144.875,1,2,2,0
144.875,-1,1,2,0
144.876,0,1,2,1
144.877,1,2,3,4
144.877,7,7,4,5
144.878,7,5,2,2
144.878,3,1,0,1
144.879,3,1,0,0
144.88,4,5,3,4
144.88,8,7,3,3
144.881,9,10,4,-1
144.881,1,4,1,-2
144.882,-4,0,1,-1
144.882,-2,0,0,0
144.883,1,2,0,2
144.884,7,6,1,2
144.884,11,9,1,0
144.885,6,5,-1,-1
144.885,2,0,-3,-2
144.886,0,-1,-4,0
144.886,2,-1,-3,0
144.887,2,-2,-2,1
144.888,0,-3,0,4
144.888,2,0,3,7
144.889,4,1,5,8
144.889,6,3,7,10
144.89,9,7,8,10
144.89,11,11,11,10
144.891,9,8,7,5
144.892,5,4,3,2
144.892,3,3,2,1
144.893,4,4,1,0
144.893,0,0,1,0
144.894,0,0,2,1
144.894,0,0,0,0
144.895,1,0,0,0
144.896,0,0,0,1
144.896,2,2,2,3
144.897,5,4,3,3
144.897,4,3,1,1
144.898,1,1,1,1
144.898,0,1,2,3
144.899,3,2,3,4
144.9,7,8,7,5
144.9,6,9,6,2
144.901,3,6,4,0
144.901,2,6,5,0
144.902,2,5,3,-1
144.903,-1,0,0,-3
144.903,-3,-1,-1,-1
144.904,-1,0,-1,0
144.904,1,1,0,1
144.905,3,1,1,5
144.905,9,6,0,4
144.906,9,5,-2,-2
144.907,-2,-5,-3,0
144.907,-1,-5,0,5
144.908,3,0,3,7
144.908,6,3,3,8
144.909,9,6,6,10
144.909,13,10,7,8
144.91,8,8,6,5
144.911,3,3,3,4
144.911,4,3,1,2
144.912,4,5,2,-1
144.912,-1,1,2,0
144.913,-4,-4,0,0
144.913,0,-1,0,0
144.914,1,0,1,1
144.915,4,7,5,7
144.915,15,17,8,4
144.916,9,9,1,-1
144.916,1,0,-5,-3
144.917,0,-1,-7,-5
144.917,-3,-6,-7,-2
144.918,0,-3,-3,5
144.919,9,4,2,8
144.919,14,11,6,4
144.92,7,10,8,2
144.92,0,4,7,2
144.921,0,4,6,3
144.921,2,7,8,3
144.922,1,4,3,0
144.923,0,1,0,-2
144.923,0,2,0,-1
144.924,2,4,2,0
144.924,1,3,2,1
144.925,2,2,0,0
144.925,1,0,-1,0
144.926,1,-1,-2,0
144.927,2,0,-2,1
144.927,4,0,0,4
144.928,6,0,-1,5
144.928,6,0,0,6
144.929,7,2,3,8
144.93,7,3,4,7
144.93,8,6,6,8
144.931,6,5,7,7
144.931,3,4,6,5
144.932,3,4,5,3
144.932,2,3,5,2
144.933,2,3,2,0
144.934,1,3,2,1
144.934,2,2,1,0
144.935,1,3,1,0
144.935,0,1,0,0
144.936,0,-1,-1,0
144.936,3,0,0,1
144.937,4,0,-2,3
144.938,6,1,0,4
144.938,7,3,1,4
144.939,7,4,2,3
144.939,6,6,5,4
144.94,7,11,9,4
144.94,6,11,9,1
144.941,3,9,7,-1
144.942,-1,4,3,-4
144.942,-5,-2,0,-4
144.943,-5,-2,-1,-2
144.943,-2,-1,0,-1
144.944,-2,-2,0,1
144.944,0,0,0,2
144.945,5,5,5,4
144.946,5,5,4,5
144.946,6,5,2,4
144.947,5,0,-2,2
144.947,5,0,-1,3
144.948,5,1,0,3
144.948,4,1,2,4
144.949,3,2,4,5
144.95,2,1,4,5
144.95,1,1,6,6
144.951,2,1,4,7
144.951,5,3,5,8
144.952,6,4,7,8
144.952,10,9,7,11
144.953,19,16,4,5
144.954,19,16,-2,-7
144.954,2,3,-6,-11
144.955,-5,-2,-6,-9
144.955,-7,-3,-5,-7
144.956,-7,-6,-5,-4
144.956,-3,-5,-4,1
144.957,4,1,2,6
144.958,7,6,6,7
144.958,8,7,4,4
144.959,4,3,3,2
144.959,4,5,7,6
144.96,7,10,11,6
144.96,5,9,9,4
144.961,6,8,5,0
144.962,2,5,2,-2
144.962,0,3,1,-2
144.963,-1,0,-1,-3
144.963,0,0,-1,-1
144.964,0,0,-1,-1
144.965,0,0,-1,0
144.965,-1,0,0,1
144.966,-1,-1,2,5
144.966,0,-2,2,6
144.967,1,-3,1,6
144.967,2,-2,3,9
144.968,4,0,6,12
144.969,7,3,8,12
144.969,8,5,8,12
144.97,10,6,7,9
144.97,10,8,6,6
144.971,7,6,5,4
144.971,5,6,3,2
144.972,5,6,0,0
144.973,5,4,-1,-4
144.973,-1,0,-4,-5
144.974,-1,0,-2,-1
144.974,3,3,0,0
144.975,6,5,-1,-2
144.975,2,2,-2,-3
144.976,0,0,-1,0
144.977,0,0,0,0
144.977,0,0,1,3
144.978,2,1,2,3
144.978,3,2,3,5
144.979,6,5,6,6
144.979,8,9,9,7
144.98,8,10,8,3
144.981,4,7,5,0
144.981,1,5,4,0
144.982,1,4,4,0
144.982,0,2,1,-1
144.983,-2,0,0,-1
144.983,-1,0,0,-1
144.984,0,0,0,0
144.985,1,0,0,2
144.985,2,1,1,3
144.986,3,0,0,2
144.986,3,0,0,3
144.987,4,1,0,6
144.987,7,2,3,8
144.988,7,1,1,6
144.989,6,1,1,6
144.989,5,2,2,6
144.99,6,4,5,7
144.99,8,8,8,7
144.991,7,6,5,4
144.991,5,5,3,3
144.992,4,5,1,0
144.993,4,6,2,0
144.993,3,4,0,-1
144.994,1,2,-1,-3
144.994,0,2,-1,-3
144.995,-1,1,0,-1
144.996,1,3,2,1
144.996,4,4,1,1
144.997,4,3,0,0
144.997,1,0,-1,0
144.998,0,0,0,1
144.998,0,0,3,4
144.999,3,2,4,6
145,6,7,9,8
145,7,9,9,6
145.001,6,8,7,3
145.001,4,8,7,3
145.002,2,4,1,-2
145.002,-4,-5,-5,-3
145.003,-3,-5,-4,0
145.004,3,2,1,1
145.004,4,5,4,1
145.005,2,3,3,2
145.005,1,0,1,2
145.006,1,0,0,4
145.006,4,0,0,6
145.007,9,5,0,3
145.008,7,4,0,2
145.008,3,0,0,3
145.009,2,0,1,4
145.009,2,0,2,2
145.01,0,0,4,6
145.01,5,6,9,12
145.011,15,14,10,12
145.012,20,18,6,3
145.012,10,8,-1,-6
145.013,-4,-2,-5,-8
145.013,-9,-6,-5,-6
145.014,-7,-3,0,0
145.015,-2,-1,2,2
145.015,0,1,4,5
145.016,3,4,6,5
145.016,3,4,5,8
145.017,9,6,3,6
145.017,11,8,2,2
145.018,8,5,-1,0
145.018,3,0,-1,0
145.019,1,0,-1,0
145.02,2,4,3,2
145.02,4,7,6,2
145.021,2,5,4,2
145.021,3,6,5,2
145.022,2,4,4,0
145.023,0,3,2,-2
145.023,-1,1,0,0
145.024,0,3,2,0
145.024,1,3,2,1
145.025,1,2,0,0
145.025,0,-1,-1,0
145.026,1,-1,-1,2
145.027,3,0,-1,3
145.027,5,0,0,6
145.028,8,2,1,6
145.028,6,0,0,5
145.029,5,1,3,7
145.029,5,3,5,8
145.03,6,5,7,8
145.031,7,6,8,7
145.031,6,6,6,4
145.032,3,4,4,3
145.032,3,5,5,3
145.033,4,4,2,1
145.033,1,0,0,0
145.034,3,1,-1,0
145.035,3,3,0,-1
145.035,0,1,0,-1
145.036,-1,0,0,1
145.036,1,0,0,2
145.037,4,3,1,2
145.037,2,1,0,2
145.038,2,2,3,5
145.039,8,7,4,7
145.039,12,11,5,3
145.04,8,11,6,1
145.04,3,6,2,0
145.041,2,6,1,-1
145.041,4,7,1,-2
145.042,1,3,-1,-4
145.043,0,2,-3,-5
145.043,0,2,-2,-4
145.044,1,1,-2,-2
145.044,0,0,-1,-2
145.045,-1,-1,0,0
145.045,-2,-4,0,0
145.046,-5,-6,1,7
145.047,0,-4,4,11
145.047,3,-1,6,11
145.048,5,0,6,15
145.048,13,7,10,15
145.049,15,10,9,10
145.049,11,7,6,7
145.05,7,6,5,3
145.051,2,3,3,1
145.051,0,1,3,2
145.052,1,3,3,1
145.052,2,3,3,2
145.053,2,2,1,0
145.053,0,2,0,-2
145.054,0,2,1,0
145.055,0,1,0,1
145.055,2,2,1,1
145.056,1,0,0,0
145.056,2,1,0,1
145.057,2,1,1,2
145.057,3,2,2,4
145.058,6,3,1,4
145.059,5,3,0,2
145.059,7,7,4,3
145.06,9,11,7,3
145.06,7,10,6,0
145.061,3,7,2,-1
145.062,1,6,3,-1
145.062,0,3,0,-4
145.063,-3,-1,-3,-5
145.063,-4,-3,-4,-2
145.064,-1,-2,-1,0
145.064,0,0,1,3
145.065,2,1,3,5
145.066,4,2,3,5
145.066,4,2,4,7
145.067,5,1,2,6
145.067,5,1,2,6
145.068,6,2,3,7
145.068,8,3,3,6
145.069,7,2,1,6
145.07,6,1,1,6
145.07,7,4,3,6
145.071,6,6,5,3
145.071,3,4,4,4
145.072,4,5,4,2
145.072,5,6,3,2
145.073,4,5,1,0
145.074,1,3,0,-2
145.074,1,3,-1,-3
145.075,0,2,0,-2
145.075,0,0,0,0
145.076,0,1,1,0
145.076,0,1,2,1
145.077,-2,-3,0,2
145.078,0,-2,3,7
145.078,5,2,4,8
145.079,8,7,6,9
145.079,14,15,9,9
145.08,17,18,8,2
145.081,9,10,2,-3
145.081,0,2,-2,-7
145.082,-5,-2,-3,-7
145.082,-6,-3,-3,-4
145.083,-3,0,0,0
145.083,1,2,2,1
145.084,3,3,3,2
145.085,3,3,1,2
145.085,2,1,1,1
145.086,1,0,0,3
145.086,3,1,1,4
145.087,5,1,2,6
145.087,6,2,3,5
145.088,4,0,0,5
145.089,3,-2,0,6
145.089,7,1,2,8
145.09,11,8,7,9
145.09,10,9,8,7
145.091,6,6,4,3
145.091,4,3,2,2
145.092,4,2,0,0
145.093,2,2,0,0
145.093,1,1,0,-1
145.094,1,2,1,0
145.094,1,3,3,1
145.095,1,3,3,1
145.096,1,0,0,1
145.096,1,1,0,1
145.097,1,1,0,2
145.097,3,2,1,4
145.098,4,3,3,3
145.098,3,1,2,2
145.099,1,2,3,2
145.099,2,6,7,4
145.1,3,9,10,5
145.101,2,7,8,3
145.101,1,5,5,1
145.102,0,2,1,0
145.102,0,1,0,0
145.103,1,2,0,0
145.104,3,3,0,0
145.104,0,0,0,0
145.105,0,0,0,2
145.105,1,0,1,4
145.106,3,0,0,3
145.106,5,2,1,4
145.107,7,2,0,3
145.108,5,2,0,5
145.108,6,1,0,4
145.109,5,1,1,5
145.109,5,2,2,6
145.11,6,4,5,8
145.11,9,7,7,10
145.111,15,12,5,3
145.112,9,9,1,-2
145.112,0,1,0,-4
145.113,-4,-2,0,-3
145.113,-5,-2,0,-1
145.114,-3,-1,0,2
145.114,4,4,2,5
145.115,11,9,2,1
145.116,6,5,1,1
145.116,6,4,0,0
145.117,3,2,-1,-1
145.117,0,0,0,0
145.118,0,0,1,2
145.118,2,3,4,3
145.119,2,3,5,4
145.12,4,7,7,4
145.12,5,8,7,3
145.121,3,6,5,3
145.121,3,6,5,2
145.122,2,5,3,0
145.122,0,3,1,-2
145.123,-3,-1,0,-3
145.124,-4,-3,-1,-1
145.124,-2,-1,1,2
145.125,0,0,2,4
145.125,2,0,1,3
145.126,1,0,2,5
145.126,2,0,2,8
145.127,5,1,4,9
145.128,8,2,3,8
145.128,10,4,2,8
145.129,10,4,2,7
145.129,10,4,0,6
145.13,12,8,1,6
145.13,13,11,2,1
145.131,9,8,0,-3
145.132,2,3,-1,-4
145.132,-2,0,-1,-4
145.133,-3,0,0,-1
145.133,-2,0,0,-1
145.134,0,2,1,1
145.134,2,4,4,3
145.135,4,5,4,3
145.136,3,3,3,2
145.136,0,0,0,2
145.137,0,0,1,2
145.137,1,1,3,5
145.138,2,1,3,5
145.138,3,1,4,5
145.139,3,3,6,6
145.14,5,7,9,6
145.14,5,9,9,4
145.141,3,7,7,3
145.141,3,7,4,1
145.142,3,5,0,-1
145.143,3,4,-1,-4
145.143,-1,0,-5,-5
145.144,-3,-2,-4,-3
145.144,-2,-3,-2,0
145.145,0,-1,-1,1
145.145,1,-1,-1,4
145.146,5,2,3,7
145.147,8,5,3,8
145.147,9,4,2,6
145.148,8,3,1,5
145.148,6,2,1,5
145.149,6,3,3,6
145.149,6,4,3,6
145.15,6,5,4,5
145.151,6,6,4,3
145.151,6,7,5,3
145.152,5,7,2,0
145.152,4,5,1,0
145.153,3,4,0,-2
145.153,0,1,-1,-4
145.154,-4,-1,-2,-4
145.155,-6,-4,0,0
145.155,-4,-4,2,3
145.156,0,-1,4,5
145.156,2,2,7,9
145.157,5,4,8,9
145.157,7,5,7,12
145.158,15,11,6,11
145.159,22,19,4,3
145.159,14,13,0,-7
145.16,-1,2,-3,-7
145.16,-6,-2,-3,-7
145.161,-5,-2,-2,-5
145.162,-4,0,0,-3
145.162,-1,2,3,0
145.163,0,5,5,2
145.163,1,3,3,2
145.164,0,1,2,1
145.164,0,0,2,2
145.165,1,2,4,5
145.166,2,2,4,6
145.166,1,-3,0,5
145.167,0,-7,-4,4
145.167,4,-2,0,8
145.168,9,2,2,10
145.168,13,7,6,13
145.169,16,11,7,9
145.17,13,9,4,5
145.17,9,7,1,1
145.171,5,4,0,-1
145.171,4,5,0,-1
145.172,1,3,0,-1
145.172,0,1,0,-3
145.173,-2,0,0,-3
145.174,-3,0,0,-1
145.174,-1,3,4,0
145.175,0,4,6,2
145.175,0,4,6,2
145.176,0,0,3,2
145.176,1,1,1,3
145.177,4,4,3,4
145.178,6,5,5,4
145.178,3,1,1,3
145.179,2,-2,-1,3
145.179,3,0,1,4
145.18,7,6,6,7
145.18,8,8,7,6
145.181,7,8,6,3
145.182,4,6,3,1
145.182,4,5,0,0
145.183,5,5,-1,-4
145.183,0,2,-2,-4
145.184,-1,0,-3,-3
145.185,-1,0,-1,-1
145.185,0,-1,-1,0
145.186,0,-1,-1,2
145.186,2,-1,0,4
145.187,4,0,0,5
145.187,6,1,2,8
145.188,8,2,3,8
145.189,7,3,4,8
145.189,8,6,5,8
145.19,8,6,6,8
145.19,9,8,7,6
145.191,7,7,4,3
145.191,6,5,1,0
145.192,3,5,3,-1
145.192,0,4,2,-1
145.193,0,3,1,-2
145.194,-2,-1,0,-2
145.194,-2,-2,-1,0
145.195,0,0,0,1
145.195,1,1,2,4
145.196,5,4,4,4
145.197,5,5,4,5
145.197,8,6,2,3
145.198,8,6,0,0
145.198,3,2,0,0
145.199,3,2,0,1
145.199,4,6,4,2
145.2,3,6,5,0
145.201,1,5,4,0
145.201,1,6,5,1
145.202,1,5,4,0
145.202,0,2,2,-1
145.203,-1,0,1,-1
145.203,-3,-2,-1,0
145.204,-1,-2,0,1
145.205,1,0,0,4
145.205,2,0,1,4
145.206,2,0,1,5
145.206,4,0,2,6
145.207,5,1,2,7
145.207,6,3,3,8
145.208,6,1,2,7
145.209,7,2,2,7
145.209,8,4,2,7
145.21,10,6,4,6
145.21,9,7,5,4
145.211,7,7,3,1
145.212,4,4,0,-1
145.212,1,3,1,-1
145.213,0,1,0,-2
145.213,0,1,0,-1
145.214,0,0,0,0
145.214,1,2,1,1
145.215,5,4,1,1
145.215,3,3,1,0
145.216,2,2,1,0
145.217,0,1,1,1
145.217,0,0,1,2
145.218,0,0,2,3
145.218,2,2,5,6
145.219,5,6,7,7
145.22,6,9,10,7
145.22,7,9,8,7
145.221,11,12,5,1
145.221,8,10,2,-2
145.222,0,1,0,-5
145.222,-4,-2,-2,-5
145.223,-5,-4,-4,-4
145.224,-3,-2,-2,-1
145.224,0,0,0,1
145.225,3,3,2,4
145.225,3,2,3,4
145.226,3,0,0,4
145.226,4,0,0,4
145.227,4,0,0,6
145.228,7,2,3,9
145.228,9,4,3,8
145.229,8,4,3,7
145.229,7,4,3,6
145.23,8,7,5,5
145.23,6,7,5,3
145.231,4,5,3,1
145.232,1,4,2,0
145.232,0,1,1,0
145.233,-1,0,0,0
145.233,-1,-1,0,0
145.234,0,0,2,3
145.234,2,1,1,1
145.235,0,1,3,2
145.236,2,2,3,4
145.236,6,5,4,6
145.237,8,7,2,3
145.237,6,4,1,2
145.238,3,1,0,1
145.238,4,2,0,2
145.239,6,7,3,1
145.24,5,8,5,0
145.24,1,6,5,0
145.241,-1,2,3,-1
145.241,-2,3,4,0
145.242,0,3,3,0
145.242,0,2,1,-1
145.243,-2,0,0,0
145.244,-1,-2,0,1
145.244,0,-1,0,3
145.245,2,0,1,5
145.245,6,3,3,7
145.246,7,3,3,6
145.246,5,0,0,6
145.247,7,1,-1,7
145.248,10,2,-1,4
145.248,11,5,0,4
145.249,9,5,2,5
145.249,9,7,4,4
145.25,8,8,4,1
145.25,2,4,2,-1
145.251,0,2,1,0
145.252,0,3,3,0
145.252,1,4,3,0
145.253,-1,2,2,0
145.253,-2,-2,-1,-1
145.254,0,-2,-1,2
145.254,5,5,4,5
145.255,6,7,6,4
145.256,3,4,3,1
145.256,1,1,2,1
145.257,1,1,2,2
145.257,1,0,2,4
145.258,2,2,3,5
145.259,4,2,1,4
145.259,6,5,3,4
145.26,8,10,6,3
145.26,6,9,5,2
145.261,4,7,5,1
145.261,2,5,2,-1
145.262,2,4,0,-2
145.263,2,4,0,-3
145.263,0,2,-1,-4
145.264,-4,-3,-2,-3
145.264,-4,-3,-1,-1
145.265,-2,-3,-2,1
145.265,0,-3,0,4
145.266,3,0,3,8
145.267,6,2,4,9
145.267,8,3,4,10
145.268,8,2,2,9
145.268,10,3,3,8
145.269,9,5,3,8
145.269,10,7,4,6
145.27,10,8,5,4
145.271,6,6,3,1
145.271,2,4,2,0
145.272,1,4,1,-1
145.272,0,3,1,-2
145.273,-1,0,0,-2
145.273,-1,0,-1,-1
145.274,0,0,0,0
145.275,2,3,2,2
145.275,3,3,2,3
145.276,2,2,2,2
145.276,1,0,1,2
145.277,1,0,0,3
145.277,1,0,1,5
145.278,3,2,4,7
145.279,5,3,5,7
145.279,7,8,8,9
145.28,12,14,10,9
145.28,16,17,7,0
145.281,7,9,0,-6
145.281,-1,1,-3,-8
145.282,-4,-1,-5,-7
145.283,-4,-2,-5,-6
145.283,-5,-3,-4,-3
145.284,-2,-1,0,1
145.284,3,2,2,4
145.285,3,2,3,3
145.286,2,0,0,3
145.286,2,-1,1,5
145.287,4,0,2,7
145.287,6,3,5,9
145.288,7,3,4,7
145.288,5,1,3,7
145.289,7,3,4,7
145.29,7,5,5,6
145.29,7,7,6,6
145.291,6,5,5,3
145.291,2,4,3,1
145.292,0,1,3,1
145.292,0,1,2,1
145.293,0,2,3,1
145.294,1,3,4,2
145.294,4,6,4,3
145.295,5,5,1,0
145.295,3,0,-4,0
145.296,6,2,-4,-1
145.297,3,0,-3,-1
145.297,0,0,0,0
145.298,0,-1,0,3
145.298,4,4,3,4
145.299,7,6,5,4
145.299,7,10,8,4
145.3,5,8,6,2
145.3,4,6,2,0
145.301,4,6,0,-2
145.302,2,5,1,-2
145.302,0,4,1,-3
145.303,-2,0,0,-2
145.303,-3,-3,-2,-2
145.304,-2,-1,1,0
145.305,0,1,2,4
145.305,2,2,4,6
145.306,6,3,2,6
145.306,5,0,0,5
145.307,4,0,0,5
145.307,6,0,0,6
145.308,8,3,2,7
145.308,9,5,3,7
145.309,7,2,2,4
145.31,7,4,3,5
145.31,8,8,6,5
145.311,6,7,5,2
145.311,2,4,3,0
145.312,1,4,2,0
145.313,1,2,1,0
145.313,0,0,0,-1
145.314,0,1,0,0
145.314,1,2,2,2
145.315,3,3,1,0
145.315,1,0,0,1
145.316,1,1,1,2
145.317,3,3,3,4
145.317,5,4,4,4
145.318,3,2,2,3
145.318,1,1,2,3
145.319,3,3,4,4
145.319,5,8,8,5
145.32,5,8,7,4
145.321,4,7,6,2
145.321,2,5,4,0
145.322,0,2,1,-2
145.322,-2,0,-1,-2
145.323,-2,-1,-1,0
145.323,0,1,0,0
145.324,2,3,1,2
145.325,3,2,0,1
145.325,2,2,0,2
145.326,2,1,1,2
145.326,3,0,0,4
145.327,2,0,0,5
145.327,3,0,0,5
145.328,4,0,1,7
145.329,8,4,4,9
145.329,9,5,4,9
145.33,10,7,5,8
145.33,12,7,2,5
145.331,13,9,1,1
145.332,7,7,1,-1
145.332,1,1,0,-3
145.333,-4,-4,-4,-3
145.333,-4,-6,-4,-2
145.334,-1,0,1,2
145.334,2,5,7,5
145.335,5,7,8,7
145.336,5,5,5,5
145.336,3,2,1,1
145.337,1,0,1,1
145.337,1,0,1,2
145.338,4,3,3,4
145.338,5,6,4,5
145.339,7,8,4,2
145.339,5,8,6,0
145.34,2,6,4,0
145.341,1,5,4,0
145.341,1,5,3,0
145.342,-1,0,0,-3
145.342,-3,-1,-1,-3
145.343,-3,-1,0,0
145.344,0,2,1,3
145.344,5,5,3,3
145.345,5,4,2,2
145.345,3,0,-1,1
145.346,2,0,0,3
145.346,5,0,0,4
145.347,5,1,0,5
145.348,4,0,0,4
145.348,3,-3,-1,6
145.349,4,0,1,7
145.349,6,2,6,9
145.35,8,7,9,10
145.35,9,8,8,8
145.351,7,7,6,5
145.352,5,6,4,5
145.352,9,9,2,0
145.353,4,5,0,-3
145.353,-2,0,-1,-3
145.354,-2,0,-1,-2
145.354,-3,-1,-1,-1
145.355,0,0,0,3
145.356,5,6,3,4
145.356,10,10,3,3
145.357,7,5,0,0
145.357,2,1,-1,0
145.358,1,0,-2,-1
145.358,0,0,0,1
145.359,4,5,5,6
145.36,9,12,9,6
145.36,8,11,7,2
145.361,3,6,4,0
145.361,0,3,2,-2
145.362,-1,2,2,-2
145.362,-2,1,2,0
145.363,-3,0,1,0
145.364,-3,-1,0,0
145.364,-2,0,3,3
145.365,1,2,3,5
145.365,3,1,2,6
145.366,5,0,1,6
145.366,5,-1,-1,5
145.367,7,0,0,6
145.368,9,3,0,7
145.368,11,6,3,8
145.369,10,5,2,5
145.369,6,3,2,3
145.37,5,3,2,4
145.37,5,4,3,2
145.371,4,5,3,3
145.372,4,4,3,2
145.372,4,4,0,0
145.373,2,2,0,-1
145.373,0,0,0,-1
145.374,0,0,1,1
145.374,2,3,3,2
145.375,3,3,2,2
145.376,4,3,1,1
145.376,2,0,0,0
145.377,2,1,1,3
145.377,3,1,2,3
145.378,2,1,2,4
145.379,5,5,4,4
145.379,7,10,8,5
145.38,7,13,10,3
145.38,4,8,6,0
145.381,0,4,2,-2
145.381,-1,2,1,-3
145.382,-4,0,0,-3
145.383,-6,-3,0,-1
145.383,-2,-1,0,1
145.384,1,1,1,2
145.384,3,2,3,3
145.385,4,3,2,4
145.385,4,2,1,4
145.386,6,2,1,4
145.387,6,2,1,4
145.387,5,0,0,4
145.388,3,-2,-3,5
145.388,9,3,0,6
145.389,10,4,0,5
145.389,8,5,3,5
145.39,7,6,5,5
145.391,5,5,4,3
145.391,3,5,5,2
145.392,2,4,4,1
145.392,0,2,3,0
145.393,-2,0,3,0
145.393,-2,0,2,1
145.394,0,0,1,3
145.395,7,6,3,4
145.395,9,9,2,1
145.396,5,3,-1,0
145.396,2,0,-3,-1
145.397,2,1,0,0
145.398,1,0,0,1
145.398,3,1,0,2
145.399,3,3,3,4
145.399,6,7,8,6
145.4,6,8,8,4
145.4,3,5,4,0
145.401,0,6,7,2
145.402,2,6,5,1
145.402,1,4,2,0
145.404,0,0,-1,-2
145.404,0,0,-1,-1
145.404,0,1,-1,0
145.404,1,1,0,0
145.405,0,0,0,0
145.406,-1,-2,0,2
145.406,0,-2,0,4
145.407,1,-2,2,7
145.407,6,1,3,9
145.408,8,3,5,9
145.408,10,4,4,10
145.409,11,5,3,11
145.41,21,15,5,10
145.41,23,19,3,0
145.411,8,9,-1,-7
145.411,-3,-1,-4,-7
145.412,-7,-6,-6,-7
145.412,-7,-4,-1,-3
145.413,-5,0,2,0
145.414,-1,1,6,4
145.414,0,0,5,7
145.415,3,1,5,6
145.415,2,0,2,5
145.416,3,0,1,7
145.416,7,4,4,9
145.417,14,10,5,8
145.418,14,11,2,2
145.418,6,5,0,-1
145.419,2,2,0,-1
145.419,2,5,3,0
145.42,2,6,4,0
145.421,2,6,3,-1
145.421,0,4,2,-3
145.422,-3,0,0,-4
145.422,-4,-1,0,-1
145.423,-1,0,0,1
145.423,0,1,1,2
145.424,2,1,1,1
145.425,3,3,2,4
145.425,3,1,1,4
145.426,3,0,1,5
145.426,4,0,1,5
145.427,5,1,1,6
145.427,5,0,0,5
145.428,5,1,1,6
145.428,7,3,3,7
145.429,8,5,4,7
145.43,9,8,6,6
145.43,8,7,5,3
145.431,5,5,4,2
145.431,2,3,2,0
145.432,0,1,1,0
145.433,0,1,0,0
145.433,0,1,1,0
145.434,1,2,2,0
145.434,1,2,2,0
145.435,1,2,2,1
145.435,1,2,2,1
145.436,1,1,1,3
145.437,4,3,2,4
145.437,5,3,1,3
145.438,5,2,0,2
145.438,3,0,0,1
145.439,4,3,2,3
145.439,5,7,7,4
145.44,5,9,8,3
145.441,3,7,5,1
145.441,2,7,6,0
145.442,1,4,3,-2
145.442,-1,1,0,-3
145.443,-4,-1,0,-2
145.443,-2,-1,0,0
145.444,0,0,1,2
145.445,3,2,1,3
145.445,2,0,0,3
145.446,4,1,0,4
145.446,4,1,0,5
145.447,6,2,0,7
145.447,7,1,0,6
145.448,8,2,0,6
145.449,8,3,1,7
145.449,10,5,3,5
145.45,9,7,4,5
145.45,6,6,5,2
145.451,4,5,3,1
145.452,1,4,2,0
145.452,0,2,0,0
145.453,0,0,0,0
145.453,-1,-1,-1,0
145.454,0,0,1,1
145.454,1,0,2,3
145.455,2,3,3,4
145.455,4,4,5,4
145.456,5,5,3,5
145.457,7,6,3,5
145.457,9,7,1,2
145.458,7,5,0,0
145.458,3,3,0,-1
145.459,2,4,1,0
145.46,3,6,4,1
145.46,3,7,4,0
145.461,2,7,4,-1
145.461,0,7,5,-3
145.462,-4,0,2,-4
145.462,-8,-3,0,-2
145.463,-6,-4,0,0
145.464,-1,-2,3,4
145.464,1,0,4,6
145.465,2,1,6,8
145.465,5,1,4,9
145.466,8,3,2,9
145.466,12,5,0,6
145.467,12,6,0,4
145.468,7,1,-2,3
145.468,4,0,-1,2
145.469,3,0,-1,3
145.469,5,2,1,4
145.47,7,6,4,6
145.47,7,7,5,4
145.471,6,6,4,2
145.472,1,2,2,0
145.472,0,1,1,0
145.473,2,5,4,1
145.473,2,5,3,0
145.474,0,1,2,1
145.474,0,0,0,0
145.475,1,1,0,2
145.476,4,3,0,2
145.476,5,3,0,2
145.477,6,5,2,4
145.477,10,6,1,3
145.478,8,5,-1,0
145.479,4,3,0,0
145.479,3,6,3,0
145.48,3,8,6,0
145.48,1,7,6,0
145.481,-1,5,5,-2
145.481,-4,0,2,-2
145.482,-4,-2,0,-1
145.483,-2,-2,0,1
145.483,0,-1,1,3
145.484,2,1,3,5
145.484,6,4,4,7
145.485,7,4,4,6
145.485,5,1,1,4
145.486,4,0,0,3
145.487,4,0,0,4
145.487,5,0,0,4
145.488,5,0,0,5
145.488,6,2,2,7
145.489,9,5,3,6
145.489,8,6,3,4
145.49,5,6,5,4
145.491,4,5,4,4
145.491,7,8,4,3
145.492,6,7,2,-1
145.492,1,3,0,-2
145.493,0,1,0,-1
145.493,0,1,0,-1
145.494,0,1,-1,-2
145.495,0,0,0,-1
145.495,0,1,1,0
145.496,1,2,3,1
145.496,1,1,2,3
145.497,2,-1,0,4
145.497,5,2,2,5
145.498,7,6,5,5
145.499,6,5,3,5
145.499,7,8,7,5
145.5,6,7,6,3
145.5,3,5,4,1
145.501,1,4,4,0
145.501,-2,1,3,-1
145.502,-2,0,1,0
145.503,-2,0,1,1
145.503,0,0,0,3
145.504,7,6,2,4
145.504,12,9,1,0
145.505,4,2,-2,0
145.506,0,-2,-4,0
145.506,0,-2,-3,1
145.507,2,-2,-3,3
145.507,4,0,0,5
145.508,7,2,2,7
145.508,9,5,4,8
145.509,8,4,3,6
145.51,6,6,4,4
145.51,6,7,6,4
145.511,5,6,6,4
145.511,4,6,5,3
145.512,2,4,4,0
145.512,-2,0,1,0
145.513,-2,0,1,1
145.513,2,4,4,2
145.514,3,5,5,1
145.515,0,2,2,0
145.515,0,-1,0,0
145.516,1,0,0,2
145.516,3,2,1,3
145.517,6,4,2,5
145.518,10,7,1,3
145.518,8,4,-1,0
145.519,2,1,0,-1
145.519,1,4,4,2
145.52,2,5,7,2
145.52,1,6,7,3
145.521,2,6,7,2
145.522,1,4,3,1
145.522,2,3,1,1
145.523,5,5,0,0
145.523,5,4,-1,-2
145.524,1,0,-2,-3
145.524,-1,0,-2,-2
145.525,-1,-1,-2,0
145.526,0,-2,-1,2
145.526,2,-1,0,6
145.527,6,2,2,8
145.527,8,4,3,8
145.528,8,3,2,7
145.529,7,4,3,8
145.529,8,4,4,8
145.53,10,9,7,8
145.53,9,8,5,3
145.531,3,3,2,0
145.531,0,1,1,-1
145.532,-2,0,1,0
145.532,0,1,2,1
145.533,0,2,3,2
145.534,1,3,3,2
145.534,1,1,1,1
145.535,1,2,2,2
145.535,3,3,1,2
145.536,4,4,2,3
145.537,4,3,1,1
145.537,2,1,0,1
145.538,1,0,0,1
145.538,3,3,2,4
145.539,7,8,6,5
145.539,7,9,7,4
145.54,4,7,5,1
145.541,2,4,2,0
145.541,2,3,2,0
145.542,0,1,0,-1
145.542,-1,0,0,-1
145.543,0,1,0,0
145.543,1,1,2,1
145.544,2,3,3,3
145.545,3,2,2,2
145.545,2,0,0,1
145.546,2,0,0,2
145.546,2,-1,-1,4
145.547,5,1,1,5
145.547,6,1,0,6
145.548,7,3,2,6
145.549,7,3,2,6
145.549,8,3,2,6
145.55,8,7,5,7
145.55,8,6,4,4
145.551,5,6,4,2
145.551,3,3,1,0
145.552,1,2,1,0
145.553,0,2,1,0
145.553,1,3,1,0
145.554,2,3,2,0
145.554,1,3,1,0
145.555,1,1,0,1
145.555,0,0,-2,0
145.556,1,0,-1,1
145.557,3,3,2,3
145.557,4,4,3,4
145.558,5,4,3,5
145.558,5,4,2,4
145.559,5,6,4,3
145.559,5,8,7,2
145.56,3,7,6,2
145.561,3,5,4,0
145.561,1,3,2,0
145.562,0,2,1,0
145.562,0,0,0,0
145.563,1,2,0,0
145.564,2,3,1,0
145.564,2,2,0,0
145.565,1,2,0,-1
145.565,-1,-1,-1,1
145.566,2,0,-1,2
145.566,2,0,1,5
145.567,3,0,2,7
145.568,6,0,2,7
145.568,5,2,3,8
145.569,8,3,4,10
145.569,11,7,4,9
145.57,13,9,5,5
145.57,7,6,3,2
145.571,3,4,2,0
145.571,1,2,1,1
145.572,3,4,2,1
145.573,2,4,0,-1
145.573,2,4,0,-1
145.574,1,2,0,0
145.574,1,2,0,0
145.575,0,0,0,-1
145.576,0,0,0,1
145.576,1,0,0,2
145.577,0,0,2,3
145.577,2,1,2,4
145.578,3,2,4,6
145.578,6,5,6,6
145.579,8,10,8,6
145.58,8,10,8,3
145.58,6,9,5,0
145.581,2,7,4,-3
145.581,-2,3,1,-5
145.582,-5,0,0,-4
145.582,-4,-1,0,-2
145.583,-2,0,0,0
145.584,0,0,0,1
145.584,2,2,2,4
145.585,3,1,2,5
145.585,4,0,0,4
145.586,5,-1,-1,5
145.586,4,0,0,7
145.587,6,2,2,7
145.588,7,2,1,7
145.588,8,0,0,8
145.589,11,4,2,9
145.589,14,10,5,6
145.59,13,12,5,2
145.591,5,6,3,0
145.591,1,3,2,0
145.592,0,1,0,-1
145.592,-1,0,-1,-3
145.593,-3,-1,0,-2
145.593,-4,-1,1,0
145.594,-1,1,5,5
145.594,2,2,4,4
145.595,2,2,3,3
145.596,1,2,3,3
145.596,3,3,5,6
145.597,6,5,4,6
145.597,6,4,3,4
145.598,8,6,0,0
145.598,3,2,0,0
145.599,0,3,4,2
145.6,1,4,7,2
145.6,0,4,5,1
145.601,0,4,3,2
145.601,5,6,2,4
145.602,13,12,1,0
145.602,8,7,-2,-5
145.603,0,0,-5,-6
145.604,0,0,-4,-5
145.604,-1,0,-1,-3
145.605,-1,0,-1,0
145.605,0,0,0,2
145.606,3,0,0,3
145.607,5,2,1,4
145.607,5,2,2,6
145.608,7,4,4,9
145.608,10,5,5,8
145.609,8,5,4,6
145.609,5,3,4,4
145.61,2,1,4,4
145.611,2,2,5,5
145.611,3,5,7,5
145.612,3,6,7,4
145.612,2,3,3,1
145.613,0,0,0,0
145.613,0,0,1,2
145.614,3,2,2,3
145.615,5,5,2,2
145.615,5,4,1,1
145.616,3,1,-1,0
145.616,1,0,-1,0
145.617,2,0,0,2
145.617,3,2,1,3
145.618,5,3,2,3
145.619,5,5,4,4
145.619,5,8,9,5
145.62,5,9,7,2
145.62,1,5,4,0
145.621,0,5,4,0
145.622,-2,1,3,-1
145.622,-3,0,2,0
145.623,0,2,0,-1
145.623,-1,-1,0,0
145.624,0,1,0,3
145.624,5,4,2,5
145.625,10,6,0,3
145.625,9,3,-3,0
145.626,4,0,-4,0
145.627,2,0,-1,3
145.627,3,0,0,4
145.628,3,-1,0,4
145.628,4,1,3,6
145.629,5,2,5,9
145.629,9,8,8,10
145.63,9,7,6,6
145.631,6,5,4,4
145.631,4,3,3,2
145.632,4,6,3,3
145.632,6,6,3,1
145.633,2,2,0,-2
145.634,-2,-1,-2,-3
145.634,-4,-3,-1,-1
145.635,-1,0,0,1
145.635,2,0,1,3
145.636,4,3,3,5
145.636,5,3,4,5
145.637,4,2,2,5
145.638,5,3,3,4
145.638,5,3,3,5
145.639,5,5,4,4
145.639,5,8,7,3
145.64,4,8,7,1
145.64,1,5,4,0
145.641,2,6,5,0
145.642,1,5,2,-2
145.642,0,2,0,-3
145.643,-1,0,-2,-3
145.643,-1,0,-3,-2
145.644,0,0,-1,0
145.644,0,0,0,2
145.645,3,0,0,3
145.646,4,0,0,4
145.646,6,1,0,6
145.647,10,3,1,5
145.647,8,3,0,4
145.648,7,3,1,4
145.648,6,5,4,5
145.649,6,5,4,5
145.65,5,6,6,4
145.65,2,3,4,4
145.651,1,2,4,3
145.651,1,3,5,3
145.652,1,3,3,2
145.652,1,3,4,2
145.653,1,2,2,2
145.654,2,3,2,3
145.654,5,5,1,3
145.655,8,6,0,-1
145.655,3,2,-2,-1
145.656,0,0,-2,0
145.656,1,0,-1,0
145.657,1,0,0,0
145.658,1,1,0,2
145.658,3,4,3,4
145.659,7,9,7,6
145.66,9,12,9,4
145.66,6,10,7,1
145.66,1,5,3,-1
145.661,-1,1,0,-2
145.662,-1,0,0,0
145.662,0,2,1,0
145.663,0,0,0,0
145.663,0,-4,-3,1
145.664,3,0,0,4
145.665,5,4,3,5
145.665,4,2,1,5
145.666,6,1,0,4
145.666,7,1,-1,3
145.667,5,0,-1,2
145.667,3,0,0,3
145.668,4,2,2,5
145.669,5,2,3,7
145.669,6,3,4,7
145.67,7,5,5,7
145.67,9,8,5,5
145.671,9,8,4,1
145.671,3,4,2,0
145.672,0,1,1,0
145.673,0,1,2,0
145.673,-1,0,1,1
145.674,0,1,0,1
145.674,2,4,2,1
145.675,4,5,3,3
145.676,4,2,0,1
145.676,2,0,-1,0
145.677,1,0,0,0
145.677,2,2,2,3
145.678,4,4,4,4
145.678,3,3,4,4
145.679,3,5,6,3
145.679,3,7,7,4
145.68,3,6,6,3
145.681,3,6,6,2
145.681,3,6,3,0
145.682,0,2,0,-2
145.682,0,1,-1,-3
145.683,-2,0,-1,-1
145.683,0,0,0,1
145.684,1,2,1,1
145.685,1,0,2,3
145.685,0,-1,0,3
145.686,3,0,1,5
145.686,6,2,1,7
145.687,7,1,1,8
145.688,10,4,0,7
145.688,12,6,1,4
145.689,7,4,1,3
145.689,4,4,3,3
145.69,4,4,4,3
145.69,2,1,0,0
145.691,0,0,0,1
145.692,1,2,3,3
145.692,4,5,5,5
145.693,5,5,5,3
145.693,4,6,3,1
145.694,2,5,3,1
145.694,2,3,1,0
145.695,2,2,0,0
145.696,1,-1,-3,-1
145.696,1,0,-1,0
145.697,3,2,0,2
145.697,5,4,2,2
145.698,3,2,2,3
145.698,5,4,3,4
145.699,5,7,6,4
145.7,5,8,7,3
145.7,3,7,7,0
145.701,-2,2,6,0
145.701,-2,2,4,-1
145.702,-4,1,4,0
145.702,-3,1,4,0
145.703,-1,1,3,1
145.704,1,2,2,2
145.704,2,0,1,7
145.705,10,1,-4,3
145.705,10,0,-9,0
145.706,5,-2,-6,1
145.706,5,-1,-2,5
145.707,7,2,0,6
145.708,7,2,1,5
145.708,6,3,4,6
145.709,7,5,4,7
145.709,7,6,6,7
145.71,8,8,5,7
145.711,11,10,4,3
145.711,9,10,3,0
145.712,2,3,0,-4
145.712,-4,-2,-1,-4
145.713,-4,-3,-2,-3
145.713,-3,-1,0,0
145.714,0,1,3,3
145.715,2,4,6,5
145.715,3,3,4,4
145.716,3,2,2,3
145.716,2,2,1,3
145.717,3,2,2,3
145.717,4,4,3,5
145.718,5,4,3,4
145.718,5,5,3,3
145.719,5,8,6,2
145.72,4,8,6,1
145.72,3,6,5,0
145.721,0,5,3,-1
145.721,-1,2,2,-2
145.722,-1,1,0,-2
145.723,-2,0,0,0
145.723,0,1,1,1
145.724,2,2,0,1
145.724,2,1,1,2
145.725,2,0,0,3
145.725,2,-1,-1,4
145.726,4,0,0,6
145.727,6,0,0,6
145.727,7,2,1,7
145.728,9,3,1,6
145.728,9,5,3,7
145.729,9,5,3,6
145.729,8,6,4,5
145.73,6,5,3,3
145.731,4,4,2,1
145.731,2,4,3,1
145.732,1,3,2,0
145.732,0,2,3,0
145.733,0,0,1,0
145.734,0,2,2,1
145.734,1,4,4,2
145.735,3,4,3,2
145.735,2,2,1,1
145.736,2,1,0,2
145.736,3,1,0,2
145.737,2,0,0,1
145.737,2,0,0,3
145.738,3,1,0,4
145.739,5,5,4,5
145.739,7,10,7,4
145.74,5,8,6,2
145.74,3,6,5,1
145.741,1,7,6,0
145.742,-1,2,3,-1
145.742,-2,1,2,0
145.743,-2,0,0,0
145.743,0,0,0,1
145.744,1,1,0,1
145.744,2,1,1,1
145.745,2,0,0,2
145.746,4,0,-1,3
145.746,5,1,0,5
145.747,7,2,0,5
145.747,7,1,0,5
145.748,6,1,1,7
145.748,8,3,2,6
145.749,7,3,2,5
145.75,7,5,5,6
145.75,7,6,6,6
145.751,9,9,5,4
145.751,7,7,2,0
145.752,3,3,0,-1
145.752,1,1,-2,-2
145.753,0,0,-1,-2
145.754,0,0,0,-1
145.754,0,2,1,1
